,Accuracy,Sensitivity,Specificity,F1,G-mean,AUC,Balanced Accuracy
0,0.3466666667,1.0,0.2740740741,0.2343767847,0.5235148484000001,0.8333333333,0.637037037
1,0.1433333333,0.9333333333,0.0555555556,0.178921996,0.2271644019,1.0,0.4944444444
2,0.3455555556,0.8444444444,0.2901234568,0.20517843730000002,0.4949645958,0.8333333333,0.5672839506
3,0.095,0.8944444444,0.0061728395,0.1650354991,0.0736375905,0.6666666667000001,0.45030864200000004
4,0.2588888889,0.7444444444,0.2049382716,0.1672344175,0.3903107314,0.1666666667,0.474691358
5,0.16,0.6888888889,0.1012345679,0.14089226570000002,0.263808086,0.6666666667000001,0.39506172840000003
6,0.1327777778,0.6888888889,0.07098765430000001,0.1370460132,0.2205536013,0.6666666667000001,0.3799382716
7,0.4,1.0,0.33333333330000003,0.2500196556,0.5773104993,1.0,0.6666666667000001
8,0.23,0.8944444444,0.1561728395,0.1885302007,0.3737460125,0.8333333333,0.525308642
9,0.3405555556,0.9888888889,0.2685185185,0.230721942,0.5152110049,0.8333333333,0.6287037037000001
10,0.24944444440000002,0.9611111111,0.1703703704,0.20391422920000002,0.404157509,1.0,0.5657407407
11,0.3455555556,0.8444444444,0.2901234568,0.20517843730000002,0.4949645958,0.8333333333,0.5672839506
12,0.0983333333,0.7388888889,0.0271604938,0.1408210051,0.1412843369,0.6666666667000001,0.3830246914
13,0.16555555560000002,0.8444444444,0.0901234568,0.16832779620000002,0.2758699868,0.8333333333,0.4672839506
14,0.1783333333,0.6944444444,0.12098765430000001,0.1446336586,0.28968373540000003,0.5,0.4077160494
15,0.1327777778,0.6888888889,0.07098765430000001,0.1370460132,0.2205536013,0.6666666667000001,0.3799382716
16,0.38444444440000003,1.0,0.3160493827,0.2452462541,0.5621486426,0.8333333333,0.6580246914
17,0.21777777780000002,0.9888888889,0.1320987654,0.2018045984,0.3609712691,1.0,0.5604938272000001
18,0.35777777780000003,1.0,0.2864197531,0.23747709820000001,0.535151294,0.8333333333,0.6432098765
19,0.1444444444,0.9055555556,0.0598765432,0.17469632100000002,0.2311301269,1.0,0.4827160494
20,0.35388888890000003,0.8722222222,0.2962962963,0.2126281499,0.5083615522,0.8333333333,0.5842592593
21,0.09444444440000001,0.8944444444,0.0055555556,0.16494357340000002,0.0704810778,0.6666666667000001,0.45
22,0.17111111110000002,0.8444444444,0.0962962963,0.16926174500000002,0.2851139338,0.8333333333,0.4703703704
23,0.1566666667,0.6888888889,0.0975308642,0.1404167536,0.2590595,0.6666666667000001,0.3932098765
24,0.1327777778,0.6888888889,0.07098765430000001,0.1370460132,0.2205536013,0.6666666667000001,0.3799382716
25,0.3633333333,0.9722222222,0.2956790123,0.2339962643,0.5361189445,1.0,0.6339506173
26,0.23,0.8944444444,0.1561728395,0.1885302007,0.3737460125,0.8333333333,0.525308642
27,0.3533333333,1.0,0.2814814815,0.23622047240000002,0.5305482838,0.8333333333,0.6407407407
28,0.1505555556,0.9055555556,0.0666666667,0.1757355372,0.2438490091,1.0,0.4861111111
29,0.3011111111,0.8388888889,0.2413580247,0.19340239310000001,0.4492645511,0.8333333333,0.5401234568000001
30,0.09388888890000001,0.7388888889,0.022222222200000002,0.14023534140000002,0.1264074008,0.6666666667000001,0.38055555560000004
31,0.2533333333,0.75,0.1981481481,0.16724918190000002,0.38525825810000003,0.1666666667,0.4740740741
32,0.19222222220000001,0.6888888889,0.137037037,0.1457223909,0.3072491426,0.5,0.412962963
33,0.0777777778,0.7222222222,0.0061728395,0.13540432630000002,0.0666937116,0.6666666667000001,0.3641975309
34,0.4016666667,0.9833333333000001,0.33703703700000004,0.24738818980000002,0.5756733885,1.0,0.6601851852
35,0.1372222222,0.9111111111,0.0512345679,0.1743728238,0.2160076173,0.8333333333,0.4811728395
36,0.3005555556,1.0,0.2228395062,0.2223596509,0.4720578909,0.8333333333,0.6114197531000001
37,0.1461111111,0.9277777778,0.0592592593,0.1784716828,0.2336885495,1.0,0.4935185185
38,0.3038888889,0.8166666667,0.2469135802,0.1898138627,0.4481983283,0.6666666667000001,0.5317901235
39,0.0972222222,0.7388888889,0.0259259259,0.1406738942,0.1378092595,0.6666666667000001,0.3824074074
40,0.1911111111,0.8444444444,0.1185185185,0.1727238841,0.3163190523,0.8333333333,0.48148148150000003
41,0.18,0.65,0.1277777778,0.1368429491,0.28817858150000003,0.1666666667,0.3888888889
42,0.1227777778,0.6888888889,0.0598765432,0.1356961392,0.2024083771,0.6666666667000001,0.374382716
43,0.4066666667,0.9888888889,0.3419753086,0.2500260196,0.5815174546,1.0,0.6654320988
44,0.1961111111,0.8611111111,0.12222222220000001,0.1764025781,0.3243423384,0.8333333333,0.49166666670000003
45,0.6811111111,0.8466666667,0.648,0.46970341130000004,0.7406776562,0.5,0.7473333333000001
46,0.1794444444,0.7366666667,0.068,0.23034306540000002,0.2225996546,0.6666666667000001,0.40233333330000004
47,0.7816666667000001,0.6900000000000001,0.8,0.5125448029,0.7425382583,0.1666666667,0.745
48,0.315,0.7266666667,0.2326666667,0.2612615199,0.4107160647,1.0,0.4796666667
49,0.33222222220000003,0.58,0.2826666667,0.2245282463,0.40426298520000004,0.6666666667000001,0.4313333333
50,0.31555555560000004,0.8966666667000001,0.1993333333,0.3039464944,0.42272535580000004,1.0,0.548
51,0.4822222222,0.9533333333,0.388,0.3804603495,0.6080997042,0.6666666667000001,0.6706666667
52,0.2344444444,0.75,0.1313333333,0.24618564850000002,0.31383230770000003,0.6666666667000001,0.44066666670000004
53,0.1083333333,0.4233333333,0.0453333333,0.1366407838,0.138405537,1.0,0.2343333333
54,0.7027777778000001,0.8266666667,0.678,0.4814694109,0.7486516526,0.5,0.7523333333000001
55,0.1522222222,0.6233333333000001,0.058,0.1968676387,0.1893509959,0.5,0.3406666667
56,0.7833333333,0.71,0.798,0.5218550664,0.7520497956000001,0.1666666667,0.754
57,0.3438888889,0.67,0.2786666667,0.2537008264,0.43101207490000004,1.0,0.4743333333
58,0.4561111111,0.4833333333,0.4506666667,0.22852639870000002,0.4665509672,0.5,0.467
59,0.30166666670000003,0.8733333333000001,0.18733333330000002,0.2941903423,0.4039409691,0.8333333333,0.5303333333
60,0.4783333333,0.9333333333,0.3873333333,0.3738363986,0.6010590694,0.6666666667000001,0.6603333333
61,0.23,0.72,0.132,0.2375924315,0.3082759509,1.0,0.426
62,0.1055555556,0.43,0.0406666667,0.13813068650000002,0.1319756061,1.0,0.2353333333
63,0.7527777778,0.7966666667000001,0.744,0.5182143543000001,0.7698336642,0.5,0.7703333333
64,0.1672222222,0.58,0.0846666667,0.1884539432,0.2204306305,0.33333333330000003,0.33233333330000003
65,0.5966666667,0.8933333333000001,0.5373333333,0.42458258800000004,0.6926250755000001,1.0,0.7153333333
66,0.3533333333,0.64,0.296,0.2479445072,0.4345693935,0.6666666667000001,0.468
67,0.4516666667,0.4466666667,0.4526666667,0.21363529790000002,0.4496546892,0.6666666667000001,0.4496666667
68,0.2838888889,0.8366666667,0.1733333333,0.2803306219,0.3799650292,0.6666666667000001,0.505
69,0.4905555556,0.9533333333,0.398,0.3842550109,0.6159247012,0.6666666667000001,0.6756666667
70,0.2583333333,0.75,0.16,0.2521249024,0.34640029380000004,0.6666666667000001,0.455
71,0.1116666667,0.4133333333,0.0513333333,0.1342800831,0.1455864084,1.0,0.2323333333
72,0.6866666667,0.8300000000000001,0.658,0.4691111181,0.7389698497,0.5,0.744
73,0.1427777778,0.78,0.0153333333,0.23273404320000002,0.1036526422,0.6666666667000001,0.3976666667
74,0.6133333333000001,0.9166666667000001,0.5526666667,0.4413505515,0.7116912968,1.0,0.7346666667
75,0.1288888889,0.43,0.0686666667,0.1412560852,0.17066482500000002,1.0,0.24933333330000002
76,0.47611111110000004,0.4433333333,0.4826666667,0.2199429503,0.46242569780000004,0.33333333330000003,0.463
77,0.3161111111,0.87,0.2053333333,0.2977710544,0.4222234624,1.0,0.5376666667000001
78,0.465,0.9433333333,0.3693333333,0.3704192753,0.5900380980000001,0.6666666667000001,0.6563333333
79,0.2522222222,0.6233333333000001,0.178,0.2172684594,0.3322849633,1.0,0.4006666667
80,0.1333333333,0.42,0.076,0.1390321735,0.1785626166,1.0,0.248
81,0.7033333333,0.8166666667,0.6806666667,0.4788059163,0.7455423536,0.5,0.7486666667
82,0.12388888890000001,0.68,0.0126666667,0.2055432344,0.0918529195,0.5,0.3463333333
83,0.64,0.87,0.594,0.4460496437,0.7187504587,1.0,0.732
84,0.3855555556,0.87,0.2886666667,0.3204521134,0.5004550437,1.0,0.5793333333
85,0.3238888889,0.58,0.2726666667,0.2223391707,0.39732820300000005,0.6666666667000001,0.4263333333
86,0.3394444444,0.8266666667,0.242,0.2943047395,0.44684558700000004,0.33333333330000003,0.5343333333
87,0.4577777778,0.91,0.3673333333,0.3587501167,0.5781632353,1.0,0.6386666667
88,0.2327777778,0.7266666667,0.134,0.2399971586,0.3120074412,0.6666666667000001,0.4303333333
89,0.1466666667,0.4166666667,0.0926666667,0.1399539805,0.1964453866,1.0,0.2546666667
90,0.6288888889,0.9952380952000001,0.5173913043,0.5558969107,0.717565941,0.5,0.7563146998
91,0.2244444444,0.6857142857,0.08405797100000001,0.29207754620000004,0.2400370362,0.8333333333,0.3848861284
92,0.3622222222,0.2880952381,0.38478260870000003,0.17400856550000002,0.3326761626,0.6666666667000001,0.33643892340000003
93,0.2883333333,0.6880952381000001,0.1666666667,0.31083071970000004,0.3380860614,1.0,0.4273809524
94,0.445,0.5333333333,0.418115942,0.30959196180000004,0.47219892360000004,0.5,0.4757246377
95,0.4372222222,0.7761904762,0.334057971,0.3915473317,0.5090326725000001,1.0,0.5551242236
96,0.4983333333,0.7714285714,0.4152173913,0.4179634271,0.5659356948,0.6666666667000001,0.5933229814000001
97,0.3783333333,0.9880952381,0.1927536232,0.4258575323,0.43641589080000004,1.0,0.5904244306
98,0.4294444444,0.8857142857,0.2905797101,0.4202381624,0.5065204897,1.0,0.5881469979
99,0.6205555556,0.9952380952000001,0.5065217391,0.550480968,0.7099430611,0.5,0.7508799172
100,0.22333333330000002,0.6857142857,0.0826086957,0.291794663,0.23796343390000002,0.8333333333,0.3841614907
101,0.3622222222,0.2142857143,0.40724637680000003,0.1355156061,0.2951566384,0.6666666667000001,0.31076604550000003
102,0.2922222222,0.6404761905,0.1862318841,0.29686187140000003,0.3447869067,1.0,0.41335403730000003
103,0.455,0.5238095238,0.43405797100000004,0.30963744,0.47682009550000004,0.5,0.4789337474
104,0.3738888889,0.8642857143,0.2246376812,0.39176999430000004,0.43988263180000003,1.0,0.5444616977
105,0.47222222220000004,0.7452380952000001,0.38913043480000004,0.39729199940000004,0.5383272736,0.5,0.5671842650000001
106,0.4438888889,0.6976190476,0.36666666670000003,0.3692798852,0.5057503733000001,0.8333333333,0.5321428571
107,0.4255555556,0.8809523810000001,0.2869565217,0.4173060673,0.5021321462,1.0,0.5839544513
108,0.6288888889,0.9952380952000001,0.5173913043,0.5558969107,0.717565941,0.5,0.7563146998
109,0.2255555556,0.65,0.0963768116,0.2814730546,0.2500414007,0.8333333333,0.3731884058
110,0.3605555556,0.2071428571,0.40724637680000003,0.1313077024,0.2903684543,0.6666666667000001,0.307194617
111,0.2955555556,0.7214285714,0.16594202900000002,0.3233101013,0.34541913080000003,1.0,0.4436853002
112,0.4372222222,0.5,0.418115942,0.29312569780000003,0.45718662200000004,0.5,0.459057971
113,0.42277777780000003,0.7880952381,0.3115942029,0.38913543700000003,0.4948434471,1.0,0.5498447205
114,0.5205555556,0.7404761905,0.45362318840000004,0.41904761900000004,0.5795210184,0.6666666667000001,0.5970496894
115,0.395,0.9857142857000001,0.2152173913,0.4319269949,0.46057787510000003,1.0,0.6004658385
116,0.41888888890000003,0.8928571429000001,0.2746376812,0.417683994,0.4938901288,1.0,0.583747412
117,0.6311111111000001,0.9928571429,0.5210144928,0.556840514,0.7191632797,0.5,0.7569358178000001
118,0.2222222222,0.6761904762000001,0.08405797100000001,0.28862701080000003,0.2378553391,0.8333333333,0.38012422360000003
119,0.3522222222,0.19761904760000001,0.3992753623,0.12462462460000001,0.28087027330000003,0.6666666667000001,0.298447205
120,0.2966666667,0.7404761905,0.1615942029,0.32940966650000003,0.34536228690000004,1.0,0.45103519670000003
121,0.28,0.9976190476000001,0.0615942029,0.3927043361,0.2473344916,0.8333333333,0.5296066253
122,0.4388888889,0.7952380952,0.33043478260000003,0.3980871449,0.5123542732,1.0,0.5628364389
123,0.465,0.7714285714,0.3717391304,0.4023339817,0.5353413646,0.6666666667000001,0.5715838509
124,0.3961111111,0.9785714286,0.2188405797,0.4306034702,0.4627017604,1.0,0.5987060041
125,0.4272222222,0.8928571429000001,0.2855072464,0.42111555570000003,0.5041784265,1.0,0.5891821946
126,0.6038888889,1.0,0.4833333333,0.5409337505,0.6951830048000001,0.5,0.7416666667
127,0.2411111111,0.4880952381,0.16594202900000002,0.23085585590000002,0.284596224,0.6666666667000001,0.3270186335
128,0.2338888889,0.6476190476,0.1079710145,0.28261930700000004,0.2634919846,0.6666666667000001,0.3777950311
129,0.26,0.830952381,0.0862318841,0.3437751108,0.2659673617,1.0,0.4585921325
130,0.2927777778,0.9976190476000001,0.0782608696,0.3969771825,0.2792143663,0.8333333333,0.5379399586
131,0.4588888889,0.7238095238000001,0.3782608696,0.3842429787,0.5231409297,1.0,0.5510351967
132,0.47000000000000003,0.7761904762,0.3768115942,0.4062064493,0.5406695663000001,0.6666666667000001,0.5765010352000001
133,0.3277777778,0.719047619,0.2086956522,0.3328636023,0.3861711921,0.8333333333,0.4638716356
134,0.43,0.8904761905,0.28985507250000003,0.4217054961,0.5072414655,1.0,0.5901656315
135,0.5238888889000001,0.9,0.4820987654,0.2743500923,0.6586981195,1.0,0.6910493827
136,0.21833333330000002,0.8,0.1537037037,0.1698907747,0.35056636090000004,1.0,0.4768518519
137,0.3127777778,0.7333333333000001,0.2660493827,0.1762408727,0.44162169440000004,1.0,0.49969135800000003
138,0.4422222222,0.8388888889,0.3981481481,0.2314367732,0.5779250650000001,0.6666666667000001,0.6185185185000001
139,0.1766666667,0.8722222222,0.09938271600000001,0.17487311760000002,0.2940620157,1.0,0.4858024691
140,0.26444444440000003,0.7833333333,0.2067901235,0.17571126880000001,0.4023310779,1.0,0.4950617284
141,0.2238888889,0.9277777778,0.1456790123,0.1929407069,0.36756096720000003,1.0,0.5367283951
142,0.1855555556,0.8944444444,0.1067901235,0.1801212944,0.30886413100000004,1.0,0.500617284
143,0.37,0.7777777778,0.32469135800000004,0.1981189429,0.5025308205,1.0,0.5512345679
144,0.5161111111,0.9,0.4734567901,0.2711357626,0.6527674175,1.0,0.6867283951
145,0.2094444444,0.8055555556,0.1432098765,0.1693273448,0.3395528178,1.0,0.47438271600000004
146,0.30555555560000003,0.7444444444,0.2567901235,0.1765328354,0.4371596568,1.0,0.500617284
147,0.45833333330000003,0.7944444444000001,0.4209876543,0.22698135200000003,0.5783162698000001,0.1666666667,0.6077160494
148,0.19222222220000001,0.8888888889000001,0.1148148148,0.18043535870000002,0.3190733814,1.0,0.5018518519
149,0.2877777778,0.8333333333,0.2271604938,0.1896776571,0.43485946880000004,1.0,0.5302469136
150,0.2816666667,0.8222222222000001,0.2216049383,0.1863761858,0.4266869817,0.8333333333,0.5219135802
151,0.1894444444,0.8888888889000001,0.1117283951,0.1799080874,0.3148142178,1.0,0.500308642
152,0.385,0.7722222222,0.3419753086,0.2009569378,0.5138861815,1.0,0.5570987654
153,0.5122222222,0.9333333333,0.4654320988,0.2769048253,0.6590926949,1.0,0.699382716
154,0.21833333330000002,0.8,0.1537037037,0.1698907747,0.35056636090000004,1.0,0.4768518519
155,0.3127777778,0.7333333333000001,0.2660493827,0.1762408727,0.44162169440000004,1.0,0.49969135800000003
156,0.43555555560000003,0.8555555556000001,0.3888888889,0.23307145910000002,0.576780835,0.6666666667000001,0.6222222222
157,0.22722222220000002,0.8444444444,0.15864197530000002,0.1794343232,0.3654088145,1.0,0.5015432099
158,0.24388888890000002,0.8388888889,0.1777777778,0.1816627203,0.38588885170000004,1.0,0.5083333333
159,0.2788888889,0.7722222222,0.22407407410000002,0.1765071043,0.4157702898,0.8333333333,0.4981481481
160,0.1722222222,0.9555555556,0.0851851852,0.18757691540000002,0.285206519,1.0,0.5203703704
161,0.3994444444,0.7055555556,0.3654320988,0.1903796825,0.507739775,1.0,0.5354938272
162,0.4611111111,0.9555555556,0.4061728395,0.2619753086,0.6229372614,1.0,0.6808641975
163,0.2122222222,0.8388888889,0.1425925926,0.1755882705,0.3458557434,1.0,0.4907407407
164,0.3555555556,0.6388888889000001,0.3240740741,0.1658837078,0.45497913840000004,1.0,0.48148148150000003
165,0.4505555556,0.8222222222000001,0.4092592593,0.23049808430000002,0.5800693592,0.33333333330000003,0.6157407407000001
166,0.1294444444,0.8444444444,0.05,0.1624949758,0.2048780229,1.0,0.4472222222
167,0.23555555560000002,0.8,0.1728395062,0.1731440074,0.3718468741,1.0,0.4864197531
168,0.2038888889,0.8666666667,0.1302469136,0.1786915474,0.335725094,0.8333333333,0.4984567901
169,0.22333333330000002,0.9444444444000001,0.1432098765,0.1957583739,0.3669626332,1.0,0.5438271605
170,0.1677777778,0.8944444444,0.08703703700000001,0.1768943878,0.27886705500000003,1.0,0.4907407407
171,0.5222222222,0.9111111111,0.4790123457,0.2761005077,0.6605867482000001,1.0,0.6950617284
172,0.2794444444,0.6555555556,0.237654321,0.1541307988,0.39435514190000004,0.6666666667000001,0.44660493830000003
173,0.3388888889,0.7111111111,0.2975308642,0.177030177,0.4599397585,1.0,0.5043209877
174,0.46611111110000003,0.7722222222,0.43209876540000003,0.22457106240000002,0.5776268128000001,0.33333333330000003,0.6021604938
175,0.30277777780000004,0.75,0.2530864198,0.1772003477,0.4355651767,1.0,0.5015432099
176,0.2833333333,0.7666666667,0.2296296296,0.17625692140000002,0.41952170250000004,1.0,0.4981481481
177,0.1961111111,0.9722222222,0.10987654320000001,0.1947738693,0.3268174113,1.0,0.5410493827
178,0.15444444440000002,0.9277777778,0.0685185185,0.1799594769,0.2513446535,1.0,0.4981481481
179,0.38444444440000003,0.7000000000000001,0.34938271600000004,0.1853784219,0.4945379788,1.0,0.524691358
180,0.4616666667,0.9166666667000001,0.37066666670000004,0.3620882167,0.5827972266,0.8333333333,0.6436666667000001
181,0.2388888889,0.7033333333,0.146,0.2354273358,0.3193364329,0.6666666667000001,0.42466666670000003
182,0.4638888889,0.7766666667000001,0.40133333330000004,0.3256222147,0.5580166714,0.8333333333,0.589
183,0.4066666667,0.78,0.332,0.3047050492,0.5088810487000001,1.0,0.556
184,0.1927777778,0.9,0.0513333333,0.2708900528,0.2141159154,1.0,0.4756666667
185,0.31166666670000004,0.6933333333,0.2353333333,0.2512864173,0.4038051486,0.5,0.46433333330000004
186,0.2172222222,0.8933333333000001,0.082,0.27558238160000004,0.27023740690000003,1.0,0.48766666670000003
187,0.17055555560000002,0.9433333333,0.016,0.27489273940000003,0.1223916126,1.0,0.4796666667
188,0.3033333333,0.8433333333,0.1953333333,0.287381149,0.40568686800000003,0.5,0.5193333333
189,0.4616666667,0.9466666667,0.36466666670000003,0.3695427365,0.5875138508000001,0.8333333333,0.6556666667000001
190,0.2388888889,0.7033333333,0.146,0.2354273358,0.3193364329,0.6666666667000001,0.42466666670000003
191,0.4566666667,0.7933333333,0.38933333330000003,0.3273853229,0.5557591149000001,0.8333333333,0.5913333333
192,0.4077777778,0.7633333333000001,0.3366666667,0.30053757200000003,0.5069405410000001,1.0,0.55
193,0.1927777778,0.8866666667,0.054,0.267940222,0.2182750031,1.0,0.4703333333
194,0.34111111110000003,0.77,0.2553333333,0.280248278,0.4430721608,0.8333333333,0.5126666667
195,0.2372222222,0.8200000000000001,0.12066666670000001,0.2638364836,0.3140663059,1.0,0.4703333333
196,0.25055555560000004,0.7566666667,0.1493333333,0.2518835119,0.3349833884,1.0,0.453
197,0.2933333333,0.8333333333,0.1853333333,0.2819105507,0.3924158893,0.5,0.5093333333
198,0.48388888890000004,0.9266666667000001,0.39533333330000003,0.37440127040000004,0.6052327134000001,0.8333333333,0.661
199,0.2516666667,0.74,0.154,0.2478143981,0.33667028120000003,1.0,0.447
200,0.4744444444,0.7666666667,0.41600000000000004,0.3271736555,0.5647397088,0.8333333333,0.5913333333
201,0.40222222220000003,0.77,0.3286666667,0.3006506371,0.5030561414,1.0,0.5493333333
202,0.1938888889,0.9233333333,0.048,0.2762780988,0.2103374894,1.0,0.4856666667
203,0.3061111111,0.6900000000000001,0.2293333333,0.2488869159,0.3976899886,0.5,0.4596666667
204,0.2188888889,0.8933333333000001,0.084,0.2760081296,0.2735324364,1.0,0.48866666670000003
205,0.1727777778,0.9233333333,0.0226666667,0.27118597910000003,0.1424123626,1.0,0.47300000000000003
206,0.2777777778,0.8366666667,0.166,0.2784758133,0.37238411530000004,0.5,0.5013333333000001
207,0.4616666667,0.9266666667000001,0.36866666670000003,0.3645871383,0.5844233646,0.8333333333,0.6476666667000001
208,0.2672222222,0.7466666667,0.1713333333,0.2536082395,0.3575821885,0.6666666667000001,0.459
209,0.4933333333,0.7333333333000001,0.4453333333,0.3254767255,0.571462015,0.8333333333,0.5893333333
210,0.4822222222,0.7666666667,0.4253333333,0.3308479532,0.5709383266,1.0,0.596
211,0.1538888889,0.8933333333000001,0.006,0.2602999762,0.0732055885,1.0,0.4496666667
212,0.3205555556,0.7333333333000001,0.23800000000000002,0.26450136750000003,0.41763107120000004,0.5,0.4856666667
213,0.2133333333,0.8333333333,0.0893333333,0.2609550254,0.2728382954,0.6666666667000001,0.46133333330000004
214,0.1677777778,0.9133333333,0.0186666667,0.267838564,0.1293518343,1.0,0.466
215,0.325,0.8533333333,0.21933333330000002,0.2963761283,0.43237004430000003,0.5,0.5363333333
216,0.4861111111,0.8933333333000001,0.4046666667,0.3669295939,0.6012501933000001,0.5,0.649
217,0.23611111110000002,0.6566666667000001,0.152,0.22268055250000002,0.3151740665,0.6666666667000001,0.40433333330000004
218,0.4555555556,0.5766666667,0.4313333333,0.2607600733,0.4977287522,0.5,0.504
219,0.3683333333,0.8300000000000001,0.276,0.3049799649,0.4785474161,1.0,0.553
220,0.2088888889,0.88,0.07466666670000001,0.27039230140000003,0.25602082190000003,1.0,0.4773333333
221,0.3561111111,0.8266666667,0.262,0.29970520980000004,0.46530509270000003,0.33333333330000003,0.5443333333
222,0.2238888889,0.8866666667,0.0913333333,0.2757832563,0.284323474,1.0,0.489
223,0.17,0.8466666667,0.0346666667,0.2537403075,0.1712281909,1.0,0.44066666670000004
224,0.24,0.8566666667,0.1166666667,0.2729557466,0.31573973250000004,0.1666666667,0.48666666670000003
225,0.46833333330000004,0.7547619048,0.3811594203,0.3990810131,0.5357335314,0.8333333333,0.5679606625
226,0.3061111111,0.7690476190000001,0.16521739130000002,0.34090738660000003,0.3564060335,0.5,0.4671325052
227,0.26833333330000003,0.6047619048,0.16594202900000002,0.2783130641,0.3166525173,0.5,0.3853519669
228,0.42,0.5619047619,0.3768115942,0.3114847181,0.460054999,1.0,0.4693581781
229,0.6838888889,0.35000000000000003,0.7855072464,0.3407721769,0.5239795529,0.6666666667000001,0.5677536232
230,0.26444444440000003,0.8595238095000001,0.0833333333,0.3528794534,0.267618642,1.0,0.4714285714
231,0.27611111110000003,0.9547619048,0.0695652174,0.3809967636,0.25764495860000003,1.0,0.5121635611
232,0.2611111111,0.8428571429,0.08405797100000001,0.347400081,0.2661548781,1.0,0.4634575569
233,0.3861111111,0.7857142857,0.2644927536,0.37395406410000004,0.45586655070000004,0.1666666667,0.5251035197
234,0.4666666667,0.7523809524,0.3797101449,0.3976509863,0.5336566664,0.8333333333,0.5660455487
235,0.3133333333,0.7761904762,0.1724637681,0.34535626900000005,0.36578828280000003,0.5,0.4743271222
236,0.2777777778,0.5333333333,0.2,0.25599676860000004,0.3260296365,0.1666666667,0.36666666670000003
237,0.4488888889,0.5928571429,0.4050724638,0.3343761663,0.4898648345,1.0,0.49896480330000004
238,0.7161111111,0.3714285714,0.8210144928,0.38021696120000004,0.5520380199,0.6666666667000001,0.5962215321000001
239,0.2783333333,0.9238095238,0.08188405800000001,0.3739742185,0.2750359114,1.0,0.5028467909000001
240,0.2866666667,0.9476190476,0.0855072464,0.3826911651,0.2846461295,1.0,0.5165631470000001
241,0.2655555556,0.85,0.0876811594,0.3506848958,0.2729954089,1.0,0.46884057970000004
242,0.3866666667,0.7785714286000001,0.2673913043,0.3719758533,0.4562329418,0.5,0.5229813665
243,0.4716666667,0.7809523810000001,0.3775362319,0.4084542295,0.5426988643,1.0,0.5792443064
244,0.3338888889,0.6309523810000001,0.24347826090000002,0.30656423600000005,0.3919110155,0.5,0.43721532090000004
245,0.2777777778,0.5333333333,0.2,0.25599676860000004,0.3260296365,0.1666666667,0.36666666670000003
246,0.4361111111,0.5761904762,0.3934782609,0.3230138965,0.47607729730000004,1.0,0.4848343685
247,0.725,0.33333333330000003,0.8442028986000001,0.3619494613,0.5296621157,0.6666666667000001,0.5887681159
248,0.2661111111,0.9190476190000001,0.0673913043,0.36885104020000004,0.24881330140000002,1.0,0.49321946170000003
249,0.2788888889,0.9500000000000001,0.0746376812,0.3807151601,0.265912278,1.0,0.5123188406
250,0.26444444440000003,0.8333333333,0.0913043478,0.34583685550000004,0.2758295826,1.0,0.4623188406
251,0.3961111111,0.8095238095,0.27028985510000003,0.38480722700000003,0.4676374588,0.5,0.5399068323
252,0.48888888890000004,0.7380952381,0.4130434783,0.4025453424,0.5520478321,0.5,0.5755693582
253,0.3094444444,0.7428571429,0.1775362319,0.3342594022,0.3630676407,0.5,0.4601966874
254,0.3127777778,0.5214285714,0.2492753623,0.2612099847,0.359899558,0.1666666667,0.3853519669
255,0.3811111111,0.8357142857000001,0.24275362320000002,0.3865530963,0.45039895430000004,1.0,0.5392339545
256,0.7594444444,0.20952380950000002,0.9268115942,0.288998358,0.4398335828,0.6666666667000001,0.5681677019
257,0.2555555556,0.9119047619,0.0557971014,0.3637394721,0.22504518910000001,1.0,0.48385093170000004
258,0.2788888889,0.9476190476,0.07536231880000001,0.3801344861,0.2670679998,1.0,0.5114906832
259,0.2611111111,0.8333333333,0.0869565217,0.344808542,0.2691022165,1.0,0.4601449275
260,0.35777777780000003,0.7761904762,0.2304347826,0.36058479530000004,0.4228552537,0.5,0.5033126294
261,0.46611111110000003,0.7547619048,0.3782608696,0.39752480430000003,0.5342286654,0.8333333333,0.5665113872
262,0.4127777778,0.7142857143,0.3210144928,0.3620288906,0.47867507330000003,0.6666666667000001,0.5176501035000001
263,0.2766666667,0.5761904762,0.18550724640000002,0.2706684036,0.3261102634,0.1666666667,0.3808488613
264,0.4338888889,0.7595238095,0.33478260870000004,0.38506945130000003,0.5042512568,1.0,0.5471532091
265,0.5916666667,0.6071428571,0.5869565217,0.4099856528,0.5969634905,0.6666666667000001,0.5970496894
266,0.2694444444,0.8357142857000001,0.0971014493,0.3480624639,0.28440376900000003,1.0,0.4664078675
267,0.2716666667,0.9357142857,0.0695652174,0.3747799898,0.254755979,1.0,0.5026397516000001
268,0.3194444444,0.8809523810000001,0.14855072460000002,0.3765662007,0.3617234919,0.8333333333,0.5147515528000001
269,0.4333333333,0.7952380952,0.3231884058,0.3957195612,0.5067469437000001,0.5,0.5592132505
270,0.4488888889,0.9333333333,0.39506172840000003,0.2531226246,0.6065152564,0.6666666667000001,0.6641975309
271,0.3166666667,0.7388888889,0.2697530864,0.1778655914,0.446447335,0.6666666667000001,0.5043209877
272,0.2127777778,0.5666666667,0.1734567901,0.1258643033,0.3133438477,0.1666666667,0.3700617284
273,0.21833333330000002,0.9277777778,0.1395061728,0.19201900660000001,0.3589526227,0.8333333333,0.5336419753
274,0.265,0.8166666667,0.20370370370000002,0.1820048347,0.4078695452,0.33333333330000003,0.5101851852
275,0.23111111110000002,0.9222222222,0.1543209877,0.19345396650000002,0.3772038185,0.8333333333,0.5382716049
276,0.2533333333,0.7777777778,0.1950617284,0.1723063313,0.3881120971,0.5,0.4864197531
277,0.16,0.85,0.0833333333,0.1682925243,0.26586860230000003,1.0,0.4666666667
278,0.2211111111,0.9444444444000001,0.1407407407,0.1951747345,0.364551509,1.0,0.5425925926
279,0.4338888889,0.9055555556,0.3814814815,0.2425640876,0.5873027083,1.0,0.6435185185
280,0.31166666670000004,0.75,0.262962963,0.1789869653,0.44409325190000004,0.6666666667000001,0.5064814815
281,0.23,0.5944444444,0.1895061728,0.1336063077,0.3349570924,0.1666666667,0.3919753086
282,0.1944444444,0.9555555556,0.10987654320000001,0.1918138517,0.3234195871,0.8333333333,0.5327160494000001
283,0.265,0.8166666667,0.20370370370000002,0.1820048347,0.4078695452,0.33333333330000003,0.5101851852
284,0.23111111110000002,0.9222222222,0.1543209877,0.19345396650000002,0.3772038185,0.8333333333,0.5382716049
285,0.2533333333,0.7777777778,0.1950617284,0.1723063313,0.3881120971,0.5,0.4864197531
286,0.16611111110000001,0.8444444444,0.0907407407,0.1684165602,0.27680123560000003,1.0,0.4675925926
287,0.2211111111,0.9444444444000001,0.1407407407,0.1951747345,0.364551509,1.0,0.5425925926
288,0.5444444444000001,0.9388888889,0.500617284,0.2922688147,0.6855112091000001,0.6666666667000001,0.7197530864
289,0.3305555556,0.75,0.2839506173,0.18312332950000001,0.46147499500000005,0.6666666667000001,0.5169753086000001
290,0.1394444444,0.6666666667000001,0.0808641975,0.1340704341,0.2315607596,1.0,0.3737654321
291,0.21833333330000002,0.9277777778,0.1395061728,0.19201900660000001,0.3589526227,0.8333333333,0.5336419753
292,0.37055555560000003,0.7777777778,0.32530864200000004,0.1983570001,0.5030081717,0.5,0.5515432099
293,0.1761111111,0.9388888889,0.0913580247,0.1855995927,0.2926218902,0.8333333333,0.5151234568
294,0.26833333330000003,0.7222222222,0.21790123460000002,0.1647185217,0.3960405252,0.5,0.4700617284
295,0.1555555556,0.8611111111,0.07716049380000001,0.1693848997,0.2571889398,1.0,0.46913580250000003
296,0.1694444444,0.9888888889,0.0783950617,0.1923723763,0.2776974631,1.0,0.5336419753
297,0.45944444440000004,0.9,0.4104938272,0.2502031885,0.6073344603,0.6666666667000001,0.6552469136
298,0.2838888889,0.7555555556,0.2314814815,0.1744855095,0.4174208519,0.8333333333,0.4935185185
299,0.16555555560000002,0.5888888889,0.1185185185,0.12362229270000001,0.2635125419,1.0,0.35370370370000004
300,0.2172222222,0.9111111111,0.14012345680000002,0.1890622704,0.3560625563,0.8333333333,0.5256172840000001
301,0.3061111111,0.7944444444000001,0.25185185190000003,0.1863693165,0.4472795358,0.8333333333,0.5231481481
302,0.2083333333,0.9333333333,0.1277777778,0.1907901622,0.34531155480000003,0.8333333333,0.5305555556
303,0.1166666667,0.9722222222,0.0216049383,0.18040215240000002,0.14411150790000002,1.0,0.49691358020000004
304,0.1427777778,0.8555555556000001,0.0635802469,0.1663720985,0.2331106379,1.0,0.4595679012
305,0.325,0.8333333333,0.2685185185,0.19802598940000002,0.4730158521,0.5,0.5509259259
306,0.46611111110000003,0.8888888889000001,0.4191358025,0.2500013412,0.6100081511000001,0.6666666667000001,0.6540123457
307,0.3438888889,0.7055555556,0.3037037037,0.177112663,0.46276673760000003,1.0,0.5046296296
308,0.1516666667,0.5666666667,0.1055555556,0.1178009232,0.2426796941,0.8333333333,0.3361111111
309,0.2372222222,0.9111111111,0.16234567900000002,0.1928163631,0.38422451500000004,0.8333333333,0.5367283951
310,0.2666666667,0.8611111111,0.200617284,0.1903095403,0.4144067252,0.8333333333,0.5308641975
311,0.1894444444,0.9611111111,0.10370370370000001,0.19167195,0.31566409370000004,1.0,0.5324074074
312,0.24,0.75,0.1833333333,0.164799111,0.3699870019,0.6666666667000001,0.4666666667
313,0.16611111110000001,0.8277777778000001,0.09259259260000001,0.1656344163,0.2766499257,0.8333333333,0.4601851852
314,0.29,0.8444444444,0.2283950617,0.1921921922,0.4383770609,0.8333333333,0.5364197531
315,0.8722222222,0.4666666667,0.9533333333,0.5455232506000001,0.6645487157000001,0.33333333330000003,0.71
316,0.365,0.6166666667,0.3146666667,0.24437052780000001,0.43983321350000004,0.6666666667000001,0.4656666667
317,0.43277777780000004,0.8366666667,0.352,0.3296275199,0.5426818073,1.0,0.5943333333
318,0.3177777778,0.6833333333,0.2446666667,0.2503052503,0.40887529170000003,1.0,0.464
319,0.2972222222,0.6466666667000001,0.2273333333,0.23473067020000002,0.38341320160000003,0.6666666667000001,0.437
320,0.2955555556,0.75,0.2046666667,0.2618540568,0.3915184109,0.6666666667000001,0.4773333333
321,0.27722222220000003,0.8233333333,0.168,0.275350721,0.3715210751,0.6666666667000001,0.49566666670000004
322,0.22,0.93,0.078,0.2844050016,0.26928878030000003,1.0,0.504
323,0.2116666667,0.85,0.084,0.264386969,0.2671694432,0.6666666667000001,0.467
324,0.8705555556000001,0.46333333330000004,0.9520000000000001,0.5436718314,0.6637711193,0.33333333330000003,0.7076666667
325,0.3394444444,0.6466666667000001,0.278,0.2457537116,0.4231772824,0.6666666667000001,0.46233333330000004
326,0.4844444444,0.8233333333,0.4166666667,0.3476203114,0.5856854517,0.8333333333,0.62
327,0.3261111111,0.6766666667,0.256,0.2507758943,0.4162042051,1.0,0.46633333330000004
328,0.37,0.6966666667,0.30466666670000003,0.2693523788,0.46068833280000004,0.5,0.5006666667
329,0.23500000000000001,0.71,0.14,0.2362410171,0.31526337,0.6666666667000001,0.425
330,0.2066666667,0.6533333333,0.11733333330000001,0.2155441458,0.27632732390000003,0.8333333333,0.3853333333
331,0.19,0.9266666667000001,0.0426666667,0.2760659958,0.198629613,1.0,0.4846666667
332,0.28888888890000003,0.8333333333,0.18,0.28086344890000003,0.3870604764,0.8333333333,0.5066666667
333,0.8522222222,0.48,0.9266666667000001,0.5188355504000001,0.6658938209,0.33333333330000003,0.7033333333
334,0.3077777778,0.7066666667,0.228,0.2538721323,0.4013614851,0.6666666667000001,0.46733333330000004
335,0.5094444444,0.7266666667,0.466,0.329983232,0.5810035092,0.6666666667000001,0.5963333333
336,0.3177777778,0.6833333333,0.2446666667,0.2501881266,0.4086287395,1.0,0.464
337,0.31166666670000004,0.62,0.25,0.23091885920000002,0.39367498910000004,0.5,0.435
338,0.27333333330000004,0.6466666667000001,0.1986666667,0.2287619582,0.3583626964,0.6666666667000001,0.4226666667
339,0.2522222222,0.6933333333,0.164,0.2361746362,0.33715898440000003,0.8333333333,0.42866666670000003
340,0.19222222220000001,0.93,0.0446666667,0.2772901696,0.2034833061,1.0,0.4873333333
341,0.2805555556,0.8933333333000001,0.158,0.2927106775,0.3756619035,0.8333333333,0.5256666667000001
342,0.8355555556,0.5133333333,0.9,0.50908263,0.67866029,0.33333333330000003,0.7066666667
343,0.3527777778,0.6766666667,0.28800000000000003,0.2583899474,0.4413272111,0.6666666667000001,0.4823333333
344,0.4822222222,0.78,0.4226666667,0.3343857241,0.5741378818,0.6666666667000001,0.6013333333
345,0.3416666667,0.64,0.28200000000000003,0.2447418738,0.4248293775,1.0,0.461
346,0.2694444444,0.7633333333000001,0.1706666667,0.2583369772,0.3606135911,0.8333333333,0.467
347,0.22277777780000002,0.8166666667,0.10400000000000001,0.2594213045,0.29133545650000003,0.8333333333,0.46033333330000004
348,0.27611111110000003,0.8033333333,0.1706666667,0.2700471588,0.36994374500000005,0.6666666667000001,0.487
349,0.19,0.9433333333,0.0393333333,0.2796036095,0.1915460545,1.0,0.4913333333
350,0.2255555556,0.9733333333,0.076,0.2952525696,0.2714987827,1.0,0.5246666667000001
351,0.46611111110000003,0.9400000000000001,0.3713333333,0.3698893699,0.5907259194000001,0.5,0.6556666667000001
352,0.3477777778,0.7266666667,0.272,0.2707197764,0.44440683270000003,0.33333333330000003,0.4993333333
353,0.445,0.8133333333,0.3713333333,0.3283661643,0.5494233591000001,0.8333333333,0.5923333333
354,0.2922222222,0.6966666667,0.2113333333,0.24703629700000002,0.38354011390000003,1.0,0.454
355,0.2694444444,0.8,0.1633333333,0.26733714940000003,0.3611790206,0.8333333333,0.4816666667
356,0.3088888889,0.74,0.22266666670000002,0.2630167818,0.40588436370000003,0.33333333330000003,0.4813333333
357,0.2933333333,0.77,0.198,0.2664421998,0.38975492040000004,0.6666666667000001,0.484
358,0.1961111111,0.9166666667000001,0.052000000000000005,0.2753917279,0.21817530440000002,1.0,0.4843333333
359,0.1772222222,0.9466666667,0.023333333300000002,0.2771902289,0.1484384511,1.0,0.485
360,0.6216666667,0.9380952381000001,0.5253623188000001,0.5365802497000001,0.7020098417,1.0,0.7317287785000001
361,0.41611111110000004,0.7785714286000001,0.3057971014,0.383438064,0.48726070920000003,1.0,0.542184265
362,0.5516666667,0.5904761905,0.5398550725,0.38073135550000003,0.564462923,1.0,0.5651656315
363,0.2222222222,0.8285714286,0.037681159400000004,0.33205621500000004,0.17669125100000002,0.8333333333,0.433126294
364,0.3194444444,0.6309523810000001,0.2246376812,0.3016484606,0.37593795350000003,0.6666666667000001,0.4277950311
365,0.3883333333,0.6666666667000001,0.3036231884,0.3371186185,0.4496730467,0.5,0.48514492750000004
366,0.34,0.969047619,0.14855072460000002,0.40659821500000004,0.3793910486,1.0,0.5587991718
367,0.2677777778,0.9738095238000001,0.052898550700000005,0.3829703537,0.2251839032,1.0,0.5133540373000001
368,0.3927777778,0.7357142857000001,0.2884057971,0.3611884352,0.4606321249,1.0,0.5120600414
369,0.6244444444,0.9380952381000001,0.5289855072,0.5382916792,0.7044360356,1.0,0.7335403727
370,0.4311111111,0.7642857143,0.3297101449,0.38530140560000004,0.501597834,0.33333333330000003,0.5469979296
371,0.5594444444000001,0.619047619,0.5413043478,0.396048396,0.5785463566,1.0,0.5801759834
372,0.2205555556,0.8214285714,0.037681159400000004,0.32964675530000004,0.1759327414,0.8333333333,0.42955486540000004
373,0.3355555556,0.8928571429000001,0.16594202900000002,0.3853574732,0.384666646,0.8333333333,0.5293995859
374,0.4377777778,0.569047619,0.39782608700000005,0.3208483393,0.475592073,0.1666666667,0.48343685300000006
375,0.34222222220000004,0.9714285714,0.1507246377,0.40800020410000004,0.38264413150000004,1.0,0.5610766046
376,0.2705555556,0.9,0.0789855072,0.3653741773,0.2666209571,0.6666666667000001,0.4894927536
377,0.38944444440000003,0.7880952381,0.268115942,0.3759576807,0.45947933620000003,1.0,0.5281055901
378,0.6277777778,0.9119047619,0.5413043478,0.5334437471,0.7025785104000001,1.0,0.7266045549
379,0.4477777778,0.8142857143000001,0.3362318841,0.4073857938,0.5227932231,0.5,0.5752587992
380,0.5388888889,0.6619047619,0.5014492754000001,0.40110296840000004,0.5759228727,1.0,0.5816770186
381,0.225,0.8119047619,0.046376811600000005,0.3283736685,0.19324659630000002,0.8333333333,0.4291407867
382,0.3427777778,0.5904761905,0.2673913043,0.2952379444,0.3970824026,0.6666666667000001,0.4289337474
383,0.3772222222,0.6142857143,0.3050724638,0.3152319168,0.43251324950000003,0.5,0.45967908900000004
384,0.3483333333,0.969047619,0.1594202899,0.40965803310000004,0.39302756910000003,1.0,0.5642339545
385,0.2805555556,0.9595238095,0.0739130435,0.3835978836,0.2659798055,1.0,0.5167184265
386,0.3533333333,0.8666666667,0.1971014493,0.38477263770000003,0.4133051833,1.0,0.531884058
387,0.6005555556000001,0.9333333333,0.4992753623,0.5217104856,0.6825889085,1.0,0.7163043478000001
388,0.4505555556,0.7714285714,0.35289855070000004,0.3955914722,0.5213261505,0.5,0.5621635611
389,0.52,0.6904761905,0.468115942,0.4013800091,0.5680257264,1.0,0.5792960663
390,0.2255555556,0.819047619,0.0449275362,0.33045148900000004,0.191794568,0.8333333333,0.4319875776
391,0.3366666667,0.9047619048000001,0.1637681159,0.3889139055,0.3848096983,0.8333333333,0.5342650104000001
392,0.4261111111,0.5666666667,0.3833333333,0.315743225,0.46597516110000003,0.1666666667,0.47500000000000003
393,0.3344444444,0.9666666667,0.1420289855,0.40397893090000003,0.37051805330000004,1.0,0.5543478261
394,0.2711111111,0.9714285714,0.0579710145,0.38341715590000003,0.23599843310000002,1.0,0.514699793
395,0.3727777778,0.7857142857,0.2471014493,0.36891766810000004,0.440624711,1.0,0.5164078675
396,0.6033333333,0.9142857143,0.5086956522,0.5185031185,0.6812970154,1.0,0.7114906832
397,0.41500000000000004,0.7833333333,0.3028985507,0.3841734153,0.4864542663,0.5,0.543115942
398,0.5783333333,0.6571428571,0.5543478261,0.4209564834,0.6034296941,1.0,0.6057453416
399,0.2344444444,0.8142857143000001,0.0579710145,0.33171129390000004,0.21716113180000002,0.8333333333,0.4361283644
400,0.3044444444,0.8261904762000001,0.14565217390000001,0.3565989087,0.3468207706,0.8333333333,0.4859213251
401,0.4716666667,0.5857142857000001,0.4369565217,0.3410369541,0.5058942937,0.5,0.5113354037
402,0.3466666667,0.9595238095,0.1601449275,0.40666422160000004,0.39198300080000004,1.0,0.5598343685
403,0.3083333333,0.9166666667000001,0.1231884058,0.3821485167,0.3359282375,1.0,0.5199275362
404,0.3233333333,0.7833333333,0.1833333333,0.35074556700000004,0.3789271128,0.8333333333,0.4833333333
405,0.9475,0.1111111111,0.9915204678,0.1744526402,0.33169388520000004,0.0,0.5513157895
406,0.3175,0.8888888889000001,0.28742690060000003,0.1152282379,0.5053949711,1.0,0.5881578947
407,0.22027777780000002,0.9388888889,0.1824561404,0.10747031300000001,0.4138483448,1.0,0.5606725146
408,0.0494444444,0.9777777778000001,0.0005847953,0.0932681744,0.0194130908,1.0,0.48918128650000003
409,0.0994444444,0.85,0.059941520500000005,0.08624773250000001,0.2257203935,1.0,0.4549707602
410,0.0783333333,0.9944444444,0.0301169591,0.0973873445,0.1729755982,1.0,0.5122807018000001
411,0.0480555556,0.9500000000000001,0.0005847953,0.0907402622,0.019245009,1.0,0.47529239770000004
412,0.047222222200000004,0.9444444444000001,0.0,0.0901854076,0.0,1.0,0.47222222220000004
413,0.0483333333,0.9666666667,0.0,0.0922098569,0.0,1.0,0.4833333333
414,0.9400000000000001,0.12222222220000001,0.9830409357000001,0.16883116880000001,0.3458611944,0.0,0.5526315789
415,0.2108333333,0.9222222222,0.1733918129,0.10463137500000001,0.39986590390000004,1.0,0.5478070175
416,0.2386111111,0.9388888889,0.201754386,0.10977400400000001,0.4351905079,1.0,0.5703216374
417,0.0508333333,0.9500000000000001,0.0035087719000000002,0.09098164410000001,0.0577350269,1.0,0.47675438600000003
418,0.1044444444,0.8388888889,0.0657894737,0.0856501182,0.2349256441,1.0,0.4523391813
419,0.0636111111,0.9944444444,0.014619883,0.09600527710000001,0.1204011021,1.0,0.5045321637
420,0.0483333333,0.9444444444000001,0.0011695906,0.09028176040000001,0.0272165527,1.0,0.47280701750000004
421,0.0508333333,0.9333333333,0.0043859649,0.0895237157,0.0632697493,1.0,0.4688596491
422,0.9172222222,0.011111111100000001,0.9649122807,0.0130718954,0.08450444160000001,0.0,0.48801169590000004
423,0.9308333333000001,0.1388888889,0.9725146199,0.1669218468,0.3668961805,0.0,0.5557017544
424,0.33833333330000004,0.8777777778,0.3099415205,0.11712272900000001,0.5215757231,1.0,0.5938596491
425,0.2219444444,0.9388888889,0.1842105263,0.10767583750000001,0.4158516089,1.0,0.5615497076
426,0.0486111111,0.9500000000000001,0.0011695906,0.09078843860000001,0.0328532853,1.0,0.47558479530000003
427,0.0994444444,0.85,0.059941520500000005,0.08624773250000001,0.2257203935,1.0,0.4549707602
428,0.18388888890000002,0.9444444444000001,0.14385964910000001,0.10372019860000001,0.36851831300000004,0.8333333333,0.5441520468000001
429,0.047777777800000004,0.9277777778,0.0014619883,0.08878256250000001,0.0364289358,1.0,0.464619883
430,0.047222222200000004,0.9444444444000001,0.0,0.0901854076,0.0,1.0,0.47222222220000004
431,0.046666666700000005,0.9277777778,0.00029239770000000003,0.088687712,0.0096225045,1.0,0.4640350877
432,0.38444444440000003,0.9722222222,0.3535087719,0.1364352848,0.5862210870000001,1.0,0.6628654971
433,0.36416666670000003,0.8611111111,0.3380116959,0.1192754963,0.5394855687,1.0,0.5995614035
434,0.2388888889,0.9388888889,0.2020467836,0.1098096494,0.43551161520000004,1.0,0.5704678363
435,0.061111111100000004,0.9388888889,0.0149122807,0.0909081449,0.1181980634,1.0,0.4769005848
436,0.0861111111,0.8055555556,0.048245614000000006,0.081022409,0.1969719029,1.0,0.42690058480000004
437,0.13,0.9944444444,0.08450292400000001,0.1025801627,0.28941623180000003,1.0,0.5394736842
438,0.0491666667,0.9222222222,0.0032163743000000002,0.0884140398,0.0522239282,1.0,0.4627192982
439,0.0669444444,0.9277777778,0.0216374269,0.0904413756,0.1416832724,1.0,0.47470760230000003
440,0.0427777778,0.85,0.00029239770000000003,0.08155484560000001,0.009278732000000001,1.0,0.42514619880000004
441,0.41888888890000003,0.9722222222,0.3897660819,0.1433529996,0.6155693008,1.0,0.680994152
442,0.4233333333,0.7722222222,0.4049707602,0.1180765537,0.5590819099000001,1.0,0.5885964912
443,0.25,0.9388888889,0.21374269010000002,0.11125700820000001,0.44788661890000003,1.0,0.5763157895000001
444,0.0533333333,0.9222222222,0.0076023392000000006,0.0887695326,0.0836898419,1.0,0.4649122807
445,0.1063888889,0.7888888889,0.0704678363,0.08112469010000001,0.23577781020000002,1.0,0.42967836260000003
446,0.0972222222,0.9833333333000001,0.0505847953,0.09822457400000001,0.22298257130000002,1.0,0.5169590643
447,0.0994444444,0.8833333333000001,0.0581871345,0.08932589910000001,0.2267069174,1.0,0.4707602339
448,0.1663888889,0.9055555556,0.12748538010000002,0.0979810893,0.33970408890000003,1.0,0.5165204678
449,0.041388888900000004,0.8222222222000001,0.00029239770000000003,0.07899321570000001,0.0091907799,1.0,0.41125730990000003
450,0.3769444444,0.9500000000000001,0.3248484848,0.202701716,0.5553604629000001,1.0,0.6374242424000001
451,0.1430555556,1.0,0.0651515152,0.1628318977,0.25471738650000003,1.0,0.5325757576
452,0.3508333333,0.7166666667,0.3175757576,0.1554221582,0.4769540565,0.6666666667000001,0.5171212121000001
453,0.12972222220000001,0.7666666667,0.0718181818,0.1280237012,0.2346452065,1.0,0.4192424242
454,0.1280555556,0.7366666667,0.0727272727,0.1234279809,0.23146253300000003,0.5,0.4046969697
455,0.2688888889,0.8066666667,0.22,0.1553433656,0.4212661607,1.0,0.5133333333
456,0.0652777778,0.7833333333,0.0,0.12254292330000001,0.0,1.0,0.3916666667
457,0.2891666667,0.9266666667000001,0.2312121212,0.1785159127,0.46265611100000004,1.0,0.5789393939
458,0.1466666667,0.6466666667000001,0.1012121212,0.11209428040000001,0.2555873561,1.0,0.37393939390000003
459,0.3763888889,0.9266666667000001,0.3263636364,0.1985581773,0.549893378,1.0,0.6265151515
460,0.12527777780000002,1.0,0.0457575758,0.1600437961,0.21379772400000002,1.0,0.5228787879
461,0.3508333333,0.7166666667,0.3175757576,0.1554221582,0.4769540565,0.6666666667000001,0.5171212121000001
462,0.0966666667,0.7666666667,0.035757575800000004,0.12392539030000001,0.1655157837,1.0,0.4012121212
463,0.1566666667,0.7333333333000001,0.1042424242,0.1265799626,0.2764705031,0.1666666667,0.4187878788
464,0.2663888889,0.8,0.2178787879,0.15380999010000002,0.4174865077,1.0,0.5089393939
465,0.0647222222,0.77,0.0006060606,0.12064750240000001,0.0174077656,1.0,0.3853030303
466,0.2822222222,0.9233333333,0.2239393939,0.176562999,0.45440412480000003,1.0,0.5736363636
467,0.1588888889,0.6433333333,0.1148484848,0.11301694600000001,0.2715373962,1.0,0.37909090910000004
468,0.3994444444,0.9466666667,0.3496969697,0.2080931444,0.5752495146000001,1.0,0.6481818182
469,0.13166666670000002,1.0,0.0527272727,0.1610339472,0.22935944730000002,1.0,0.5263636364000001
470,0.3508333333,0.7166666667,0.3175757576,0.1554221582,0.4769540565,0.6666666667000001,0.5171212121000001
471,0.08277777780000001,0.77,0.0203030303,0.1227337379,0.1250295864,1.0,0.3951515152
472,0.1233333333,0.7366666667,0.06757575760000001,0.1228373333,0.2230436705,0.5,0.4021212121
473,0.2758333333,0.8166666667,0.22666666670000002,0.1582364719,0.43024443910000004,1.0,0.5216666667000001
474,0.07250000000000001,0.7666666667,0.0093939394,0.1210698244,0.0848645859,1.0,0.388030303
475,0.1180555556,0.9866666667,0.0390909091,0.15715482020000002,0.19637851850000002,1.0,0.5128787879
476,0.0963888889,0.7433333333000001,0.0375757576,0.12057679760000001,0.167066709,0.5,0.3904545455
477,0.3752777778,0.9233333333,0.3254545455,0.1976840268,0.5481340551,1.0,0.6243939394
478,0.0833333333,1.0,0.0,0.1538461538,0.0,1.0,0.5
479,0.35138888890000003,0.7166666667,0.3181818182,0.1555327966,0.4774162142,0.6666666667000001,0.5174242424000001
480,0.0816666667,0.7566666667,0.0203030303,0.12073563200000001,0.1238622966,1.0,0.38848484850000004
481,0.13805555560000002,0.73,0.0842424242,0.12369484830000001,0.2479857957,0.1666666667,0.4071212121
482,0.2405555556,0.8533333333,0.18484848480000002,0.1577428019,0.3971615891,1.0,0.5190909091
483,0.0633333333,0.7466666667,0.0012121212,0.1172686965,0.0242878363,1.0,0.37393939390000003
484,0.29,0.92,0.23272727270000002,0.1776137576,0.46233986720000003,1.0,0.5763636364
485,0.1644444444,0.6366666667,0.1215151515,0.1126609554,0.2780105579,1.0,0.37909090910000004
486,0.3708333333,0.9266666667000001,0.3203030303,0.19714296580000001,0.5447701684,1.0,0.6234848485000001
487,0.0833333333,1.0,0.0,0.1538461538,0.0,1.0,0.5
488,0.3477777778,0.71,0.3148484848,0.1536004714,0.4727179899,0.6666666667000001,0.5124242424000001
489,0.0905555556,0.7533333333000001,0.030303030300000002,0.121303827,0.15108733400000002,1.0,0.3918181818
490,0.1219444444,0.71,0.0684848485,0.1187612824,0.2205075242,0.5,0.3892424242
491,0.2891666667,0.7933333333,0.2433333333,0.1568599031,0.43935282000000003,1.0,0.5183333333
492,0.0652777778,0.76,0.0021212121,0.1193367907,0.039027388100000004,1.0,0.38106060610000003
493,0.2944444444,0.9166666667000001,0.2378787879,0.1780271665,0.4666978424,1.0,0.5772727273
494,0.0844444444,0.9166666667000001,0.008787878800000001,0.1429983152,0.08968995960000001,1.0,0.4627272727
495,0.41250000000000003,0.9,0.3481132075,0.2633234584,0.5597327351,1.0,0.6240566038
496,0.5136111111,0.5785714286,0.5050314465,0.2172398862,0.5405144156,0.1666666667,0.5418014376
497,0.1677777778,0.8023809524000001,0.0839622642,0.1836184925,0.2594864438,0.8333333333,0.4431716083
498,0.3163888889,0.9595238095,0.2314465409,0.2467076852,0.4712473038,1.0,0.5954851752
499,0.3794444444,1.0,0.2974842767,0.2732610402,0.5454173727,1.0,0.6487421384000001
500,0.42138888890000004,0.6071428571,0.3968553459,0.1966335813,0.49070436970000003,0.5,0.5019991015
501,0.4797222222,0.49761904760000003,0.4773584906,0.1823947027,0.4871894054,0.6666666667000001,0.4874887691
502,0.1155555556,0.9619047619000001,0.0037735849000000003,0.2024011964,0.0602465806,1.0,0.48283917340000004
503,0.40361111110000003,0.6523809524,0.370754717,0.20326616460000002,0.4915966726,0.5,0.5115678347
504,0.4297222222,0.8857142857,0.36949685530000004,0.26601072470000003,0.5720563786,1.0,0.6276055705
505,0.4836111111,0.5547619048,0.47421383650000004,0.20040292,0.5128352511000001,0.1666666667,0.5144878706
506,0.145,0.7904761905000001,0.0597484277,0.1774167763,0.2172550564,0.8333333333,0.42511230910000003
507,0.3177777778,0.9595238095,0.2330188679,0.2470863576,0.47284711230000004,1.0,0.5962713387
508,0.3727777778,1.0,0.2899371069,0.2711435779,0.5384555546,1.0,0.6449685535
509,0.4236111111,0.6119047619,0.3987421384,0.19849510010000002,0.49380950500000004,0.5,0.5053234501
510,0.4752777778,0.5119047619,0.4704402516,0.1854049714,0.4906652993,0.6666666667000001,0.4911725067
511,0.1155555556,0.9619047619000001,0.0037735849000000003,0.2024011964,0.0602465806,1.0,0.48283917340000004
512,0.43805555560000004,0.5190476190000001,0.42735849060000003,0.17719034690000002,0.4705053146,0.33333333330000003,0.4732030548
513,0.4269444444,0.8857142857,0.3663522013,0.2650597657,0.569621668,1.0,0.6260332435
514,0.485,0.5642857143000001,0.4745283019,0.2035844431,0.5173826193000001,0.1666666667,0.5194070081000001
515,0.1455555556,0.7619047619,0.06415094340000001,0.1721946423,0.22096346190000002,0.8333333333,0.41302785270000003
516,0.3238888889,0.9619047619000001,0.2396226415,0.2492321033,0.4800975756,1.0,0.6007637017
517,0.3633333333,1.0,0.279245283,0.2681992337,0.5284366405,1.0,0.6396226415
518,0.425,0.6142857143,0.4,0.1994846708,0.4955230909,0.5,0.5071428571000001
519,0.4733333333,0.5619047619,0.4616352201,0.1992879677,0.5091701726,0.6666666667000001,0.511769991
520,0.11194444440000001,0.9333333333,0.0034591195000000003,0.1969326362,0.056721867100000004,1.0,0.4683962264
521,0.4116666667,0.6404761905,0.3814465409,0.2024756494,0.49402853300000005,0.5,0.5109613657000001
522,0.3569444444,0.9761904762,0.27515723270000003,0.26156103740000003,0.5182673156000001,1.0,0.6256738544
523,0.5369444444,0.5571428571,0.5342767296,0.21915123,0.5454678399,0.1666666667,0.5457097934
524,0.1438888889,0.8833333333000001,0.0462264151,0.1940519788,0.20176496970000002,1.0,0.4647798742
525,0.34,0.9547619048,0.2588050314,0.2523532926,0.49707307850000004,1.0,0.6067834681000001
526,0.385,1.0,0.3037735849,0.2750538793,0.5511445713,1.0,0.6518867925
527,0.4177777778,0.6071428571,0.3927672956,0.1956518693,0.48816204080000003,0.5,0.49995507640000003
528,0.4758333333,0.5071428571000001,0.4716981132,0.184141731,0.4889895997,0.6666666667000001,0.48942048520000003
529,0.1133333333,0.9333333333,0.0050314465,0.1971811732,0.0682821332,1.0,0.4691823899
530,0.3508333333,0.5904761905,0.31918238990000003,0.1750589364,0.4340630506,0.6666666667000001,0.4548292902
531,0.4333333333,0.8547619048,0.377672956,0.2603110671,0.56811291,1.0,0.6162174304
532,0.5155555556,0.5452380952,0.5116352201000001,0.2079624356,0.5280907843,0.1666666667,0.5284366577
533,0.1530555556,0.8095238095,0.0663522013,0.18236682640000001,0.2316655987,1.0,0.4379380054
534,0.33833333330000004,0.9547619048,0.256918239,0.2518749525,0.49524595320000003,1.0,0.6058400719
535,0.2116666667,0.9619047619000001,0.1125786164,0.2216190522,0.3290075019,1.0,0.5372416891
536,0.4183333333,0.6214285714000001,0.39150943400000005,0.19943712090000001,0.49292705940000003,0.5,0.5064690027000001
537,0.4733333333,0.5357142857,0.4650943396,0.1917661643,0.49886182030000004,0.6666666667000001,0.5004043127
538,0.11305555560000001,0.9547619048,0.0018867925000000002,0.20074732750000002,0.0424422841,1.0,0.4783243486
539,0.2522222222,0.6928571429,0.19402515720000002,0.17776139870000002,0.3663595919,0.6666666667000001,0.44344115
540,0.2819444444,1.0,0.24415204680000002,0.1222428858,0.4941060479,1.0,0.6220760234
541,0.11194444440000001,0.9277777778,0.06900584800000001,0.09457759290000001,0.2528876272,1.0,0.4983918129
542,0.046666666700000005,0.8555555556000001,0.0040935673,0.08235409710000001,0.0577101742,1.0,0.4298245614
543,0.08750000000000001,0.9944444444,0.0397660819,0.0982734861,0.19871365600000002,1.0,0.5171052632
544,0.0813888889,0.9944444444,0.033333333300000004,0.0976792363,0.1817513915,1.0,0.5138888889000001
545,0.0633333333,0.9888888889,0.014619883,0.0954938639,0.1202043103,1.0,0.501754386
546,0.0497222222,0.9555555556,0.0020467836,0.0913678619,0.0440287825,1.0,0.4788011696
547,0.16861111110000002,0.9833333333000001,0.1257309942,0.1057663768,0.3516178944,1.0,0.5545321637
548,0.1227777778,1.0,0.0766081871,0.10233168170000001,0.2767330744,1.0,0.5383040936
549,0.3122222222,1.0,0.2760233918,0.12694249670000002,0.5253644651,1.0,0.6380116959000001
550,0.11,0.9277777778,0.0669590643,0.09439747500000001,0.2492050324,1.0,0.4973684211
551,0.044444444400000005,0.8833333333000001,0.00029239770000000003,0.0846112919,0.0096225045,1.0,0.44181286550000004
552,0.1219444444,0.9277777778,0.0795321637,0.0955676168,0.27161286300000004,1.0,0.5036549708
553,0.11583333330000001,0.9666666667,0.0710526316,0.0985579343,0.2619205472,1.0,0.5188596491
554,0.065,0.9888888889,0.016374269,0.095647804,0.1272208372,1.0,0.5026315789
555,0.0508333333,0.9722222222,0.0023391813,0.0929115809,0.0475213633,1.0,0.4872807018
556,0.1855555556,0.9833333333000001,0.1435672515,0.1077298425,0.375730349,1.0,0.5634502924
557,0.155,0.9944444444,0.1108187135,0.1052944818,0.3319684452,1.0,0.5526315789
558,0.3166666667,1.0,0.2807017544,0.1276607278,0.5298077525,1.0,0.6403508772000001
559,0.1197222222,0.9277777778,0.07719298250000001,0.0953308474,0.2674302576,1.0,0.5024853801
560,0.0469444444,0.8555555556000001,0.0043859649,0.0823809917,0.0565536743,1.0,0.4299707602
561,0.11,0.9944444444,0.0634502924,0.1005047666,0.251186206,1.0,0.5289473684
562,0.11527777780000001,0.9555555556,0.0710526316,0.0974834834,0.2604456347,1.0,0.5133040936000001
563,0.1030555556,0.9777777778000001,0.0570175439,0.0982955617,0.2360893375,1.0,0.5173976608
564,0.05,1.0,0.0,0.0952380952,0.0,1.0,0.5
565,0.24638888890000002,0.9833333333000001,0.2076023392,0.1154223349,0.4518201981,1.0,0.5954678363
566,0.1538888889,1.0,0.10935672510000001,0.1056994173,0.3305774615,1.0,0.5546783626
567,0.3241666667,1.0,0.2885964912,0.1288939598,0.5372105324,1.0,0.6442982456
568,0.13861111110000002,0.9111111111,0.0979532164,0.0956329506,0.2984691229,1.0,0.5045321637
569,0.0569444444,0.8833333333000001,0.013450292400000001,0.0856462768,0.1078060514,1.0,0.4483918129
570,0.1611111111,0.9111111111,0.1216374269,0.0979674221,0.3328769694,1.0,0.516374269
571,0.1677777778,0.9555555556,0.1263157895,0.1030159907,0.3471509514,1.0,0.5409356725
572,0.1213888889,0.9333333333,0.0786549708,0.09602844270000001,0.2708861417,1.0,0.5059941520000001
573,0.0544444444,0.8833333333000001,0.0108187135,0.0854379489,0.09773988460000001,1.0,0.4470760234
574,0.1266666667,0.9666666667,0.0824561404,0.099657678,0.28225223850000003,1.0,0.5245614035
575,0.1486111111,0.9833333333000001,0.1046783626,0.1035391173,0.3208303483,1.0,0.5440058480000001
576,0.3388888889,1.0,0.30409356730000003,0.1314201294,0.5513223733,1.0,0.6520467836
577,0.1408333333,0.9111111111,0.10029239770000001,0.0958590242,0.30206897250000003,1.0,0.5057017544
578,0.046111111100000005,0.8611111111,0.0032163743000000002,0.0828035355,0.046381146000000005,1.0,0.4321637427
579,0.1155555556,0.9944444444,0.0692982456,0.1010712587,0.2623906882,1.0,0.531871345
580,0.21527777780000001,0.9500000000000001,0.1766081871,0.10799912880000001,0.4094733136,1.0,0.5633040936
581,0.1391666667,0.9333333333,0.0973684211,0.09782199450000001,0.301243623,1.0,0.5153508772000001
582,0.07472222220000001,0.85,0.0339181287,0.0841288187,0.1696300366,1.0,0.44195906430000004
583,0.3097222222,0.9500000000000001,0.2760233918,0.12098139320000001,0.5120519334,1.0,0.6130116959
584,0.23611111110000002,0.9722222222,0.1973684211,0.11289805650000001,0.4380026349,1.0,0.5847953216
585,0.3886111111,0.9466666667,0.33787878790000003,0.20512820510000002,0.5655594416,1.0,0.6422727273000001
586,0.3816666667,0.9933333333000001,0.32606060610000004,0.2112044818,0.5690630539,1.0,0.6596969697
587,0.3827777778,0.8300000000000001,0.3421212121,0.1831119706,0.5328795251,0.6666666667000001,0.5860606061
588,0.19083333330000002,0.98,0.1190909091,0.1679520137,0.3416271226,0.5,0.5495454545
589,0.1186111111,0.8933333333000001,0.048181818200000004,0.14450015260000001,0.2074317377,1.0,0.4707575758
590,0.1977777778,0.77,0.1457575758,0.1379356021,0.33494192370000003,0.5,0.45787878790000003
591,0.1561111111,0.93,0.0857575758,0.1551885925,0.2822649289,0.6666666667000001,0.5078787879000001
592,0.2352777778,0.8733333333000001,0.17727272730000002,0.1599031242,0.3934687952,1.0,0.5253030303
593,0.12,0.7466666667,0.06303030300000001,0.1238950476,0.21693710400000002,0.5,0.4048484848
594,0.3925,0.9466666667,0.3421212121,0.20617118,0.5690995084,1.0,0.6443939394
595,0.3441666667,1.0,0.2845454545,0.2026359126,0.5334225942,1.0,0.6422727273000001
596,0.3975,0.8300000000000001,0.3581818182,0.1867635734,0.5452425005,0.6666666667000001,0.5940909091000001
597,0.2002777778,0.98,0.1293939394,0.1696038642,0.35601705640000003,0.5,0.5546969697
598,0.1163888889,0.8866666667,0.046363636400000005,0.1432758096,0.2027496664,1.0,0.4665151515
599,0.1888888889,0.7933333333,0.1339393939,0.1401807049,0.3258977957,0.5,0.4636363636
600,0.1433333333,0.9266666667000001,0.0721212121,0.1527567131,0.25837815000000003,0.6666666667000001,0.49939393940000004
601,0.24694444440000002,0.8766666667,0.1896969697,0.162482229,0.4077202352,1.0,0.5331818182
602,0.1352777778,0.7666666667,0.0778787879,0.1287425938,0.2443413302,0.5,0.42227272730000004
603,0.39583333330000003,0.9333333333,0.346969697,0.204733129,0.5689321556,1.0,0.6401515152
604,0.3763888889,0.99,0.3206060606,0.2092373362,0.5633612425,1.0,0.6553030303
605,0.39083333330000003,0.8266666667,0.3512121212,0.1844212886,0.5386882684000001,1.0,0.5889393939
606,0.2013888889,0.9766666667,0.1309090909,0.169315665,0.35748158020000004,0.5,0.5537878788
607,0.1163888889,0.89,0.0460606061,0.1437176506,0.2023884943,1.0,0.46803030300000004
608,0.20305555560000002,0.7833333333,0.1503030303,0.1407816923,0.3430396886,0.5,0.4668181818
609,0.1933333333,0.8666666667,0.1321212121,0.1518783497,0.3383848108,0.8333333333,0.49939393940000004
610,0.2388888889,0.8766666667,0.1809090909,0.1610477526,0.39821914010000004,1.0,0.5287878788
611,0.125,0.8,0.0636363636,0.1322157091,0.22559917710000002,0.5,0.43181818180000003
612,0.4094444444,0.9333333333,0.3618181818,0.20849434900000002,0.5810790093,1.0,0.6475757576
613,0.38055555560000004,0.9666666667,0.3272727273,0.20640952710000002,0.5624614927,1.0,0.6469696970000001
614,0.40083333330000004,0.8333333333,0.3615151515,0.1882590378,0.5488287811,0.6666666667000001,0.5974242424
615,0.18777777780000002,0.9833333333000001,0.1154545455,0.1678963789,0.336900017,0.5,0.5493939394
616,0.1266666667,0.9,0.0563636364,0.1465798046,0.2252216292,1.0,0.4781818182
617,0.2080555556,0.7666666667,0.1572727273,0.1389442961,0.3471586533,0.5,0.461969697
618,0.1694444444,0.9366666667,0.0996969697,0.158217824,0.3055575819,0.5,0.5181818182
619,0.2877777778,0.8333333333,0.2381818182,0.1631863704,0.4455163804,1.0,0.5357575758
620,0.11833333330000001,0.79,0.0572727273,0.12986668440000002,0.2121947263,0.5,0.4236363636
621,0.3211111111,0.9633333333,0.2627272727,0.1912649811,0.5030829119,1.0,0.613030303
622,0.3272222222,0.98,0.2678787879,0.1953662033,0.5123033840000001,0.6666666667000001,0.6239393939
623,0.40333333330000004,0.79,0.3681818182,0.1808158335,0.5393171148,0.6666666667000001,0.5790909091
624,0.2694444444,0.9566666667,0.206969697,0.1791692823,0.4449060829,0.6666666667000001,0.5818181818
625,0.13166666670000002,0.89,0.0627272727,0.14589169,0.23624844860000002,1.0,0.4763636364
626,0.19166666670000002,0.7633333333000001,0.1396969697,0.13599514940000001,0.3265506889,0.5,0.4515151515
627,0.1391666667,0.9500000000000001,0.0654545455,0.1553556827,0.2493621278,0.6666666667000001,0.5077272727000001
628,0.26694444440000004,0.8533333333,0.21363636360000002,0.1624890363,0.4269695765,1.0,0.5334848485
629,0.1111111111,0.76,0.0521212121,0.1247085036,0.19898828870000002,0.5,0.4060606061
630,0.515,0.9166666667000001,0.46194968550000004,0.30606682620000003,0.6507311504000001,0.8333333333,0.6893081761000001
631,0.1111111111,0.5571428571,0.0522012579,0.1275911785,0.17043738590000002,0.8333333333,0.30467205750000004
632,0.1911111111,0.7690476190000001,0.1147798742,0.1815591392,0.2970977148,0.5,0.4419137466
633,0.2972222222,0.9214285714,0.2147798742,0.2342589041,0.4447133894,1.0,0.5681042228000001
634,0.2527777778,0.8523809524,0.17358490570000001,0.2102169552,0.38465554820000003,0.8333333333,0.5129829290000001
635,0.1452777778,0.9547619048,0.0383647799,0.20675892610000002,0.191070486,1.0,0.49656334230000004
636,0.3005555556,0.9047619048000001,0.22075471700000002,0.2318544142,0.4469004461,0.8333333333,0.5627583109000001
637,0.1891666667,0.8761904762,0.09842767300000001,0.201374724,0.29361813740000003,0.8333333333,0.4873090746
638,0.14750000000000002,0.980952381,0.037421383600000004,0.21166224930000002,0.19158506120000002,1.0,0.5091868823
639,0.515,0.9166666667000001,0.46194968550000004,0.30606682620000003,0.6507311504000001,0.8333333333,0.6893081761000001
640,0.1602777778,0.65,0.09559748430000001,0.1529675431,0.2491983835,0.8333333333,0.3727987421
641,0.1822222222,0.7809523810000001,0.10314465410000001,0.18221784200000002,0.2838091908,0.5,0.4420485175
642,0.30000000000000004,0.9333333333,0.21635220130000002,0.2372773463,0.4492054285,1.0,0.5748427673000001
643,0.2844444444,0.9095238095,0.2018867925,0.2287420155,0.4284946431,0.8333333333,0.555705301
644,0.3794444444,0.8523809524,0.3169811321,0.24270541140000002,0.5197806331,0.8333333333,0.5846810422000001
645,0.3302777778,0.8809523810000001,0.25754716980000003,0.2348492827,0.476323818,0.8333333333,0.5692497754
646,0.1816666667,1.0,0.07358490570000001,0.2218711603,0.271220192,1.0,0.5367924528
647,0.1516666667,0.9833333333000001,0.0418238994,0.21288609490000002,0.2027971597,1.0,0.5125786164
648,0.5219444444,0.9119047619,0.4704402516,0.30803284470000003,0.6549778921,0.8333333333,0.6911725067000001
649,0.1155555556,0.5428571429,0.0591194969,0.1252693224,0.1790930885,0.8333333333,0.3009883199
650,0.1891666667,0.7571428571000001,0.11415094340000001,0.1789060543,0.29398361640000004,0.5,0.43564690030000003
651,0.3011111111,0.9214285714,0.2191823899,0.23525171600000003,0.4493227059,1.0,0.5703054807
652,0.2680555556,0.8261904762000001,0.1943396226,0.2084683475,0.4006900277,0.8333333333,0.5102650494000001
653,0.1463888889,0.9571428571,0.0393081761,0.20737959,0.1936430593,1.0,0.49822551660000003
654,0.3172222222,0.9,0.24025157230000002,0.2352216363,0.4649983266,0.8333333333,0.5701257862
655,0.2694444444,0.9238095238,0.1830188679,0.22783615270000002,0.4111867863,0.6666666667000001,0.5534141959000001
656,0.15444444440000002,0.980952381,0.0452830189,0.2130293765,0.2107328976,1.0,0.5131176999
657,0.895,0.3023809524,0.9732704403,0.4020693742,0.5424890296,0.0,0.6378256963000001
658,0.2822222222,0.6904761905,0.22830188680000002,0.183296078,0.3968193635,0.8333333333,0.4593890386
659,0.1936111111,0.7523809524,0.11981132080000001,0.1787894645,0.3002166978,0.5,0.4360961366
660,0.2405555556,0.9333333333,0.1490566038,0.2228579611,0.3728797139,1.0,0.5411949686
661,0.2563888889,0.8476190476000001,0.1783018868,0.2100923148,0.3887564894,0.8333333333,0.5129604672
662,0.2416666667,0.8404761905,0.16257861640000001,0.20547625860000002,0.3694158007,0.33333333330000003,0.5015274034
663,0.33583333330000004,0.8619047619,0.26635220130000004,0.2324449684,0.4791312294,0.8333333333,0.5641284816000001
664,0.2580555556,0.8166666667,0.1842767296,0.2044434138,0.3878013916,0.6666666667000001,0.5004716981
665,0.15444444440000002,0.980952381,0.0452830189,0.2130297508,0.2107613686,1.0,0.5131176999
666,0.54,0.9238095238,0.4893081761,0.3190845384,0.6723162901,0.5,0.70655885
667,0.1069444444,0.5404761905000001,0.049685534600000004,0.1237404946,0.1638532445,0.8333333333,0.2950808625
668,0.1880555556,0.7761904762,0.11037735850000001,0.18238023890000002,0.2926992352,0.5,0.4432839173
669,0.3125,0.8904761905,0.23616352200000001,0.2320783425,0.45832194600000004,0.6666666667000001,0.5633198562
670,0.2758333333,0.8523809524,0.19968553460000002,0.2154705176,0.41250655740000003,0.8333333333,0.5260332435
671,0.12250000000000001,0.9619047619000001,0.011635220100000001,0.20367995800000002,0.10576937360000001,1.0,0.486769991
672,0.3388888889,0.8880952381,0.26635220130000004,0.2386428464,0.48635698320000004,0.8333333333,0.5772237197
673,0.1963888889,1.0,0.0902515723,0.2250216706,0.3003737455,0.8333333333,0.5451257862000001
674,0.1377777778,0.980952381,0.0264150943,0.2097809205,0.1605217371,1.0,0.5036837376000001
675,0.9347222222,0.0388888889,0.9818713450000001,0.0551696366,0.1902898419,0.0,0.5103801170000001
676,0.1063888889,0.9444444444000001,0.062280701800000005,0.0955940243,0.2424129186,1.0,0.5033625731
677,0.11305555560000001,0.8888888889000001,0.0722222222,0.0910985608,0.25335757670000003,0.8333333333,0.4805555556
678,0.06,0.9722222222,0.0119883041,0.09373646270000001,0.10718643300000001,1.0,0.49210526320000003
679,0.0522222222,0.9833333333000001,0.0032163743000000002,0.0939989511,0.0561160032,1.0,0.4932748538
680,0.0786111111,0.9777777778000001,0.0312865497,0.09593388550000001,0.1743996523,1.0,0.5045321637
681,0.05,1.0,0.0,0.0952380952,0.0,1.0,0.5
682,0.0511111111,0.9777777778000001,0.0023391813,0.093418259,0.0476402151,1.0,0.49005847950000003
683,0.0555555556,1.0,0.0058479532,0.0957446944,0.07642280230000001,1.0,0.5029239766
684,0.21638888890000002,1.0,0.1751461988,0.1131733937,0.418486177,1.0,0.5875730994
685,0.1408333333,0.9111111111,0.10029239770000001,0.0959123556,0.302205063,1.0,0.5057017544
686,0.10722222220000001,0.8944444444,0.0657894737,0.0910752829,0.24255096410000002,0.8333333333,0.4801169591
687,0.0602777778,0.9833333333000001,0.0116959064,0.0947286091,0.1069856336,1.0,0.4975146199
688,0.0647222222,0.9444444444000001,0.0184210526,0.091715797,0.13178162370000002,1.0,0.4814327485
689,0.1458333333,0.9666666667,0.1026315789,0.1016676962,0.31488330870000003,0.6666666667000001,0.5346491228
690,0.05,1.0,0.0,0.0952380952,0.0,1.0,0.5
691,0.0633333333,0.8722222222,0.0207602339,0.0851850378,0.13450836060000002,1.0,0.4464912281
692,0.0663888889,0.9722222222,0.0187134503,0.0943134535,0.13483707420000002,1.0,0.4954678363
693,0.2175,1.0,0.17631578950000001,0.1133195238,0.4198355506,1.0,0.5881578947
694,0.11055555560000001,0.9444444444000001,0.0666666667,0.095998895,0.2508224859,1.0,0.5055555556
695,0.1069444444,0.8777777778,0.066374269,0.0894954991,0.24133797170000001,0.8333333333,0.47207602340000004
696,0.0775,0.9833333333000001,0.0298245614,0.0963356605,0.17078146200000002,1.0,0.5065789474
697,0.0694444444,0.9444444444000001,0.0233918129,0.09213928190000001,0.1486127901,1.0,0.4839181287
698,0.19861111110000002,0.9166666667000001,0.16081871350000002,0.1026285956,0.3832903058,0.6666666667000001,0.5387426901
699,0.0502777778,1.0,0.00029239770000000003,0.0952633105,0.009872481300000001,1.0,0.5001461988
700,0.0572222222,0.9611111111,0.0096491228,0.09250068980000001,0.0943521806,1.0,0.48538011700000006
701,0.0730555556,0.9666666667,0.0260233918,0.094436962,0.15858645130000001,1.0,0.4963450292
702,0.22027777780000002,1.0,0.1792397661,0.1136760916,0.42332005980000004,1.0,0.589619883
703,0.1344444444,0.8888888889000001,0.09473684210000001,0.09317133450000001,0.28995488680000003,1.0,0.49181286550000003
704,0.1058333333,0.9166666667000001,0.06315789470000001,0.09298393910000001,0.24061212440000002,0.8333333333,0.48991228070000004
705,0.0783333333,0.9555555556,0.032163742700000005,0.09394106740000001,0.1751882227,1.0,0.4938596491
706,0.09,0.8888888889000001,0.0479532164,0.0889787664,0.20633249720000002,1.0,0.4684210526
707,0.1522222222,0.9166666667000001,0.1119883041,0.0975782716,0.32030571220000004,1.0,0.5143274854000001
708,0.0502777778,1.0,0.00029239770000000003,0.0952633105,0.009872481300000001,1.0,0.5001461988
709,0.0705555556,0.8611111111,0.0289473684,0.0847953216,0.15758462410000001,1.0,0.44502923980000003
710,0.0825,0.9722222222,0.0356725146,0.0958111199,0.1862209749,1.0,0.5039473684
711,0.23055555560000002,0.9888888889,0.19064327490000002,0.1138949971,0.4341563687,1.0,0.5897660819
712,0.1441666667,0.9055555556,0.10409356730000001,0.0956951342,0.3068923222,1.0,0.5048245614
713,0.1466666667,0.8555555556000001,0.10935672510000001,0.0911236243,0.3058706095,0.8333333333,0.4824561404
714,0.07888888890000001,0.9777777778000001,0.0315789474,0.0959700852,0.1751952953,1.0,0.5046783626
715,0.0833333333,0.8611111111,0.0423976608,0.0858728962,0.1910709362,1.0,0.451754386
716,0.11194444440000001,0.9777777778000001,0.066374269,0.0991784389,0.2546387821,1.0,0.5220760234
717,0.0505555556,1.0,0.0005847953,0.0952885659,0.0139617969,1.0,0.5002923977
718,0.10888888890000001,0.8277777778000001,0.0710526316,0.084992836,0.2424310623,1.0,0.4494152047
719,0.0844444444,0.9555555556,0.0385964912,0.0945061557,0.1920309573,1.0,0.4970760234
720,0.4552777778,0.98,0.40757575760000003,0.2306752904,0.6319861263000001,1.0,0.6937878788
721,0.15277777780000001,0.8533333333,0.0890909091,0.14374498530000002,0.2756883741,0.33333333330000003,0.4712121212
722,0.2983333333,0.87,0.2463636364,0.171325941,0.4629618035,1.0,0.5581818182
723,0.1783333333,0.93,0.11,0.15867148,0.3194332501,0.6666666667000001,0.52
724,0.16805555560000002,0.85,0.10606060610000001,0.14551040810000002,0.3001467993,1.0,0.47803030300000005
725,0.1283333333,0.8866666667,0.059393939400000005,0.14495098450000002,0.2294114844,1.0,0.47303030300000004
726,0.1872222222,0.8966666667000001,0.1227272727,0.1553310907,0.3317034886,1.0,0.5096969697
727,0.2966666667,0.8133333333,0.24969696970000002,0.1615600273,0.45052627700000003,0.33333333330000003,0.5315151515000001
728,0.0941666667,0.9166666667000001,0.0193939394,0.1443186048,0.1333210386,1.0,0.46803030300000004
729,0.4591666667,0.98,0.4118181818,0.2319440777,0.6352565272,1.0,0.6959090909
730,0.1502777778,0.8466666667,0.086969697,0.1424240877,0.2712949192,0.6666666667000001,0.4668181818
731,0.3086111111,0.9333333333,0.2518181818,0.1836905368,0.4847733098,1.0,0.5925757576
732,0.2108333333,0.91,0.14727272730000002,0.16120863870000002,0.3660284192,0.6666666667000001,0.5286363636
733,0.1663888889,0.8633333333000001,0.103030303,0.1472158856,0.2981064981,1.0,0.4831818182
734,0.12166666670000001,0.8666666667,0.0539393939,0.1412349246,0.21589463550000002,0.8333333333,0.4603030303
735,0.2013888889,0.8933333333000001,0.1384848485,0.1571591332,0.3516941203,1.0,0.5159090909
736,0.29916666670000003,0.8333333333,0.2506060606,0.1653981774,0.456958678,0.8333333333,0.5419696970000001
737,0.1366666667,0.9166666667000001,0.0657575758,0.1503604304,0.2448658502,0.8333333333,0.4912121212
738,0.46722222220000004,0.98,0.4206060606,0.2346271842,0.6419959303,1.0,0.7003030303000001
739,0.17250000000000001,0.8733333333000001,0.1087878788,0.14959991990000002,0.3081256886,0.6666666667000001,0.4910606061
740,0.3352777778,0.9066666667000001,0.2833333333,0.1852945129,0.5066749956000001,1.0,0.595
741,0.1794444444,0.9233333333,0.1118181818,0.1579122248,0.3211965378,0.6666666667000001,0.5175757576
742,0.1605555556,0.87,0.0960606061,0.1472953886,0.2890812347,1.0,0.48303030300000005
743,0.13611111110000002,0.8433333333,0.0718181818,0.1399333439,0.2461020002,1.0,0.4575757576
744,0.18388888890000002,0.9,0.11878787880000001,0.1552792005,0.3269550714,1.0,0.5093939394
745,0.34472222220000004,0.8,0.3033333333,0.1690959955,0.4925477831,0.5,0.5516666667
746,0.0886111111,0.9266666667000001,0.0124242424,0.1449042352,0.1072271889,1.0,0.4695454545
747,0.4230555556,0.9866666667,0.37181818180000004,0.2218048322,0.6056354774,1.0,0.6792424242
748,0.16555555560000002,0.84,0.1042424242,0.1436680848,0.2958953762,0.33333333330000003,0.4721212121
749,0.3125,0.8833333333000001,0.2606060606,0.1764118054,0.4795254579,1.0,0.571969697
750,0.2019444444,0.9233333333,0.13636363640000002,0.1616492554,0.354797338,0.6666666667000001,0.5298484848
751,0.1672222222,0.86,0.1042424242,0.1468627468,0.2992659201,1.0,0.48212121210000003
752,0.1469444444,0.7966666667000001,0.0878787879,0.1347283493,0.2641437669,0.8333333333,0.4422727273
753,0.2077777778,0.88,0.1466666667,0.15625669720000002,0.3590703877,1.0,0.5133333333
754,0.305,0.78,0.2618181818,0.15752284260000002,0.4516755528,0.33333333330000003,0.5209090909
755,0.1194444444,0.8966666667000001,0.048787878800000004,0.1450920801,0.2087418975,1.0,0.47272727270000003
756,0.4566666667,0.98,0.4090909091,0.2311212117,0.6331399527,1.0,0.6945454545
757,0.1758333333,0.8733333333000001,0.1124242424,0.1500996258,0.3133410841,0.6666666667000001,0.4928787879
758,0.2866666667,0.87,0.2336363636,0.1689483627,0.45084134670000003,1.0,0.5518181818
759,0.1805555556,0.9266666667000001,0.1127272727,0.15856763070000002,0.32305940980000003,0.6666666667000001,0.5196969697
760,0.1477777778,0.8666666667,0.0824242424,0.1449511469,0.2670640521,1.0,0.4745454545
761,0.195,0.7633333333000001,0.1433333333,0.1364756368,0.3307693325,0.8333333333,0.45333333330000003
762,0.1991666667,0.8933333333000001,0.1360606061,0.1567768967,0.3486358765,1.0,0.5146969697
763,0.3336111111,0.87,0.2848484848,0.1787178489,0.49781331040000004,0.8333333333,0.5774242424
764,0.11055555560000001,0.9,0.0387878788,0.1443091787,0.1866623637,1.0,0.4693939394
765,0.6766666667,0.9523809524,0.6402515723000001,0.4073120136,0.7808383469,0.5,0.7963162624
766,0.3802777778,0.7619047619,0.32987421380000004,0.2230230739,0.5013282768,0.1666666667,0.5458894879
767,0.2930555556,0.7714285714,0.2298742138,0.2029842539,0.4210979407,1.0,0.5006513926
768,0.2236111111,0.8666666667,0.1386792453,0.2066389957,0.3466246551,1.0,0.5026729560000001
769,0.2447222222,0.8023809524000001,0.17106918240000002,0.19853476050000002,0.3701730013,1.0,0.48672506740000004
770,0.3452777778,0.8857142857,0.2738993711,0.23989170210000002,0.49235207880000004,0.6666666667000001,0.5798068284
771,0.2902777778,0.8880952381,0.2113207547,0.2261091958,0.4329314376,0.5,0.5497079964
772,0.1427777778,0.9357142857,0.0380503145,0.20299669550000002,0.18866090100000002,1.0,0.4868823001
773,0.30277777780000004,0.7880952381,0.2386792453,0.2086342099,0.4334791296,0.5,0.5133872417
774,0.6491666667,0.9476190476,0.6097484277,0.38660560920000003,0.7601225237,0.5,0.7786837376
775,0.3802777778,0.7619047619,0.32987421380000004,0.2230230739,0.5013282768,0.1666666667,0.5458894879
776,0.2958333333,0.7785714286000001,0.2320754717,0.20510453850000002,0.4250729173,1.0,0.5053234501
777,0.2455555556,0.8952380952000001,0.1597484277,0.21682486280000002,0.3781011251,1.0,0.5274932615
778,0.2430555556,0.8142857143000001,0.1676100629,0.20049635170000002,0.3690305692,1.0,0.4909478886
779,0.3211111111,0.9071428571000001,0.24371069180000002,0.2376769809,0.4700572886,0.6666666667000001,0.5754267745
780,0.3444444444,0.8142857143000001,0.2823899371,0.22467067100000002,0.4793673028,0.1666666667,0.5483378257
781,0.1452777778,0.9357142857,0.0408805031,0.2034696383,0.19555668910000001,1.0,0.48829739440000003
782,0.19722222220000002,0.9547619048,0.0971698113,0.2172157674,0.3044093201,1.0,0.5259658580000001
783,0.6563888889,0.9523809524,0.6172955975000001,0.3927323854,0.7667326683,1.0,0.7848382749
784,0.4152777778,0.7809523810000001,0.3669811321,0.2377853661,0.5353259699,0.5,0.5739667565000001
785,0.3330555556,0.8404761905,0.2660377358,0.22720539210000001,0.4728018499,1.0,0.5532569632000001
786,0.2230555556,0.8809523810000001,0.136163522,0.209219068,0.3463398572,1.0,0.5085579515
787,0.2388888889,0.8238095238,0.1616352201,0.201503374,0.3645705133,1.0,0.492722372
788,0.3380555556,0.8809523810000001,0.26635220130000004,0.2369387125,0.4842842002,0.6666666667000001,0.5736522911
789,0.355,0.8071428571,0.2952830189,0.22597532990000002,0.48812581530000004,0.1666666667,0.551212938
790,0.15916666670000001,0.8880952381,0.0628930818,0.19772398100000002,0.23625606340000002,0.8333333333,0.4754941599
791,0.1969444444,0.9500000000000001,0.0974842767,0.2163134806,0.30405833120000003,1.0,0.5237421384000001
792,0.6330555556,0.9523809524,0.5908805031000001,0.3771917098,0.7501355909,1.0,0.7716307278000001
793,0.3663888889,0.7357142857000001,0.3176100629,0.21316572990000002,0.4832906759,0.5,0.5266621743000001
794,0.2788888889,0.7833333333,0.2122641509,0.2021728931,0.40765378220000004,1.0,0.4977987421
795,0.1522222222,0.8428571429,0.0610062893,0.188304663,0.22635463660000002,1.0,0.4519317161
796,0.24,0.8404761905,0.1606918239,0.204983199,0.36714380080000003,1.0,0.5005840072000001
797,0.3275,0.9071428571000001,0.2509433962,0.23939082080000001,0.47703258860000003,0.6666666667000001,0.5790431267
798,0.3258333333,0.8166666667,0.2610062893,0.22032686070000002,0.4615374129,0.1666666667,0.538836478
799,0.1213888889,1.0,0.0053459119,0.2098430367,0.0719089096,1.0,0.5026729560000001
800,0.1988888889,0.9595238095,0.09842767300000001,0.2184257459,0.3072135843,1.0,0.5289757412
801,0.6530555556000001,0.9452380952,0.6144654088,0.38861800290000004,0.7620421258000001,1.0,0.779851752
802,0.3444444444,0.7595238095,0.2896226415,0.2127935872,0.46884841850000003,0.1666666667,0.5245732255000001
803,0.2838888889,0.7857142857,0.2176100629,0.2038388419,0.41347027010000004,0.8333333333,0.5016621743
804,0.19027777780000002,0.8857142857,0.09842767300000001,0.2033366459,0.2944739945,1.0,0.49207097930000004
805,0.2458333333,0.8166666667,0.1704402516,0.2015531344,0.3726485553,1.0,0.49355345910000004
806,0.3363888889,0.9023809524,0.2616352201,0.2408636442,0.4858866075,0.6666666667000001,0.5820080863
807,0.34111111110000003,0.8023809524000001,0.2801886792,0.2212595048,0.47409265510000004,0.5,0.5412848158
808,0.1311111111,0.9761904762,0.0194968553,0.20769995,0.1373924659,1.0,0.4978436658
809,0.20500000000000002,0.8976190476,0.1135220126,0.2085060591,0.3190456405,0.8333333333,0.5055705301
