,Accuracy,Sensitivity,Specificity,F1,G-mean
0,0.9411111111,0.6166666667,0.9771604938,0.6758241758,0.7756505393
1,0.8166666667,0.2277777778,0.8820987654,0.198254228,0.4470016523
2,0.8622222222,0.044444444400000005,0.9530864198000001,0.060791826300000004,0.2049801154
3,0.5366666667000001,0.27222222220000003,0.5660493827,0.1049272016,0.38894980370000004
4,0.8038888889,0.0777777778,0.8845679012000001,0.0735818875,0.26197493310000003
5,0.6777777778,0.1,0.7419753086,0.057686644700000005,0.2652369824
6,0.5622222222000001,0.2944444444,0.5919753086,0.11795829440000001,0.4132749254
7,0.7883333333,0.2666666667,0.8462962963,0.20088854550000002,0.4745044847
8,0.7727777778,0.3277777778,0.8222222222000001,0.22398268400000002,0.5183360098
9,0.9405555556,0.6166666667,0.9765432099,0.6738095238,0.7754191674
10,0.8166666667,0.2277777778,0.8820987654,0.198254228,0.4470016523
11,0.8255555556,0.1555555556,0.9,0.1510178459,0.3736113341
12,0.54,0.27222222220000003,0.5697530864,0.10560566830000001,0.39021886370000003
13,0.8038888889,0.0777777778,0.8845679012000001,0.0735818875,0.26197493310000003
14,0.6788888889,0.1111111111,0.7419753086,0.0641559483,0.2827889512
15,0.5622222222000001,0.2944444444,0.5919753086,0.11795829440000001,0.4132749254
16,0.7944444444000001,0.25,0.8549382716,0.1952384898,0.46169998300000004
17,0.7738888889000001,0.3388888889,0.8222222222000001,0.23074522460000002,0.5273885649
18,0.9261111111,0.6166666667,0.9604938272,0.62459909,0.7689207768
19,0.8188888889,0.2166666667,0.8858024691,0.19494949490000002,0.43180586930000003
20,0.8150000000000001,0.15,0.8888888889000001,0.1396030534,0.3651467901
21,0.5433333333,0.2777777778,0.5728395062,0.1079729579,0.3944723141
22,0.8005555556,0.1,0.8783950617,0.09084727320000001,0.2940614
23,0.6405555556,0.12222222220000001,0.6981481481,0.06380233290000001,0.29202525560000003
24,0.5577777778,0.2944444444,0.587037037,0.1168265039,0.4114589172
25,0.7888888889,0.2666666667,0.8469135802000001,0.2013214147,0.4746893621
26,0.7705555556,0.3388888889,0.8185185185,0.2279413303,0.525152452
27,0.9433333333,0.5166666667,0.9907407407000001,0.6427272727000001,0.7136198268
28,0.8494444444,0.1611111111,0.9259259259,0.1766439337,0.3858398583
29,0.8116666667,0.1555555556,0.8845679012000001,0.1413996493,0.3703425219
30,0.5555555556,0.2944444444,0.5845679012,0.1166884532,0.4109398725
31,0.8366666667,0.061111111100000004,0.9228395062,0.0696615753,0.2369753718
32,0.6333333333,0.1333333333,0.6888888889,0.06812865500000001,0.3021791773
33,0.5466666667,0.3555555556,0.5679012346,0.1355317262,0.44819869910000004
34,0.7788888889000001,0.3166666667,0.8302469136,0.2227633478,0.5127444373
35,0.7594444444,0.36666666670000003,0.8030864198000001,0.23385490750000001,0.5424416792
36,0.9072222222,0.6055555556000001,0.9407407407,0.5646978781,0.7535327779000001
37,0.795,0.2388888889,0.8567901235000001,0.18880237300000002,0.4520971801
38,0.8594444444,0.044444444400000005,0.9500000000000001,0.059595834900000005,0.20463953780000002
39,0.495,0.27222222220000003,0.5197530864000001,0.0973584459,0.3729715283
40,0.7555555556,0.1333333333,0.824691358,0.0974153022,0.32518272400000003
41,0.675,0.1388888889,0.7345679012,0.0780353589,0.3135231169
42,0.5466666667,0.3555555556,0.5679012346,0.1353632479,0.4480455023
43,0.7883333333,0.2777777778,0.8450617284,0.2071005917,0.48319533480000004
44,0.71,0.30555555560000003,0.7549382716,0.1743774405,0.4798165911
45,0.9633333333,0.8033333333,0.9953333333000001,0.8790970746000001,0.8939541032
46,0.6333333333,0.2933333333,0.7013333333,0.2113859442,0.45266525550000003
47,0.7755555556,0.12,0.9066666667000001,0.1461461461,0.3207033126
48,0.4844444444,0.02,0.5773333333,0.0127761902,0.10744233800000001
49,0.7205555556000001,0.0566666667,0.8533333333,0.0622421289,0.21522497570000002
50,0.7177777778000001,0.1533333333,0.8306666667,0.1535755566,0.3551455363
51,0.7844444444,0.3533333333,0.8706666667,0.3523376713,0.5536533402
52,0.5,0.1433333333,0.5713333333,0.0873060561,0.2861628681
53,0.7511111111000001,0.0866666667,0.884,0.1038621509,0.2763713003
54,0.9588888889,0.8066666667,0.9893333333000001,0.8670407607,0.8931622382000001
55,0.6294444444,0.2933333333,0.6966666667,0.2097730068,0.4511973555
56,0.7744444444,0.12,0.9053333333,0.145662441,0.3205066164
57,0.47888888890000003,0.03,0.5686666667,0.0188556068,0.13058310780000001
58,0.7205555556000001,0.0566666667,0.8533333333,0.0622421289,0.21522497570000002
59,0.7188888889,0.1666666667,0.8293333333,0.16537928300000002,0.3710449221
60,0.7838888889000001,0.3566666667,0.8693333333000001,0.35411394830000004,0.5560484846
61,0.4983333333,0.1333333333,0.5713333333,0.08149474400000001,0.2760014196
62,0.7522222222,0.0866666667,0.8853333333000001,0.1041993627,0.27654651140000003
63,0.9594444444,0.81,0.9893333333000001,0.8688356865,0.8948852224
64,0.6233333333000001,0.3166666667,0.6846666667,0.2198024631,0.465231614
65,0.7788888889000001,0.14,0.9066666667000001,0.1674934345,0.3450215982
66,0.4822222222,0.03,0.5726666667,0.018975036900000002,0.1310419979
67,0.7105555556,0.07,0.8386666667,0.073316658,0.237386118
68,0.7138888889,0.1566666667,0.8253333333,0.1546190616,0.3573987632
69,0.7777777778,0.3533333333,0.8626666667,0.3448412698,0.5503508180000001
70,0.4794444444,0.1533333333,0.5446666667,0.0895729127,0.2877334942
71,0.7427777778,0.09,0.8733333333000001,0.10428292950000001,0.2795191152
72,0.9500000000000001,0.8200000000000001,0.976,0.8451127820000001,0.8944713129
73,0.655,0.28,0.73,0.213732834,0.4512763788
74,0.7472222222,0.1166666667,0.8733333333000001,0.1293384507,0.31117211570000003
75,0.5227777778,0.0033333333,0.6266666667,0.0022296544,0.0259058123
76,0.6961111111,0.0566666667,0.8240000000000001,0.057637087000000004,0.21150753220000001
77,0.7116666667,0.1666666667,0.8206666667,0.1620287716,0.3691289748
78,0.8033333333,0.37666666670000004,0.8886666667,0.388885821,0.5778405501
79,0.48888888890000004,0.1733333333,0.552,0.1016854423,0.3093213617
80,0.6666666667000001,0.1133333333,0.7773333333,0.10205627710000001,0.2941584635
81,0.9494444444000001,0.8300000000000001,0.9733333333,0.8449753129,0.8985259214
82,0.6083333333000001,0.2966666667,0.6706666667,0.2026381023,0.4456458527
83,0.7727777778,0.0966666667,0.908,0.11856920030000001,0.2798993927
84,0.49,0.0366666667,0.5806666667,0.0231813601,0.1443163112
85,0.7372222222,0.0766666667,0.8693333333000001,0.08832065600000001,0.2575492307
86,0.7061111111,0.18,0.8113333333,0.1696476965,0.3821440319
87,0.7266666667,0.4,0.792,0.3272486772,0.5620308798
88,0.47888888890000003,0.1733333333,0.54,0.0998383275,0.3055850247
89,0.7483333333000001,0.10333333330000001,0.8773333333000001,0.12033613450000001,0.3010018068
90,0.9144444444000001,0.7928571429,0.9514492754,0.812368724,0.8684809573000001
91,0.6900000000000001,0.0714285714,0.8782608696,0.0970919769,0.2504650221
92,0.5533333333,0.0285714286,0.7130434783,0.0290385873,0.1401473462
93,0.38055555560000004,0.3571428571,0.38768115940000003,0.212079134,0.37206253180000004
94,0.5294444444,0.1,0.6601449275,0.08978328170000001,0.2554255582
95,0.605,0.15476190480000002,0.7420289855000001,0.15428632620000002,0.33781106850000003
96,0.3311111111,0.25,0.35579710140000004,0.1486803519,0.2982231915
97,0.5516666667,0.4571428571,0.5804347826,0.3220557079,0.5144854774000001
98,0.5888888889,0.3166666667,0.6717391304,0.2651888342,0.4610962798
99,0.9155555556,0.8261904762000001,0.9427536232,0.8204183583,0.8825413431
100,0.6883333333,0.11428571430000001,0.8630434783,0.1461187215,0.3137669383
101,0.5588888889,0.030952381,0.7195652174,0.0318342152,0.1484042008
102,0.3788888889,0.36666666670000003,0.3826086957,0.2160676533,0.3745437232
103,0.5477777778,0.1023809524,0.6833333333,0.09475574710000001,0.2623022823
104,0.605,0.15476190480000002,0.7420289855000001,0.15428632620000002,0.33781106850000003
105,0.36,0.22619047620000002,0.4007246377,0.1418920703,0.3007313882
106,0.5483333333,0.4666666667,0.5731884058,0.3250388045,0.5166224289
107,0.5833333333,0.330952381,0.6601449275,0.2713749687,0.46734665270000003
108,0.9127777778,0.7809523810000001,0.9528985507000001,0.8070298328000001,0.8626339387
109,0.6844444444000001,0.1285714286,0.8536231884000001,0.1593833068,0.3301622091
110,0.5527777778,0.0285714286,0.7123188406000001,0.0290213968,0.1400957065
111,0.41611111110000004,0.3404761905,0.4391304348,0.2140381369,0.3866686702
112,0.5644444444,0.0952380952,0.7072463768,0.0925895375,0.2593978555
113,0.5933333333,0.1571428571,0.7260869565,0.1525012142,0.3361468481
114,0.3583333333,0.24047619050000002,0.3942028986,0.1491392098,0.3078303029
115,0.5616666667,0.45238095240000004,0.5949275362,0.32477357960000003,0.5183210468
116,0.59,0.319047619,0.6724637681,0.2671571203,0.46292643250000004
117,0.9055555556,0.8071428571,0.9355072464,0.7995704725,0.8689525768
118,0.6911111111,0.080952381,0.8768115942,0.10901039010000001,0.2663760028
119,0.5427777778,0.0285714286,0.6992753623,0.0285084728,0.1389261439
120,0.4116666667,0.3142857143,0.4413043478,0.19959722530000001,0.37236143990000004
121,0.5805555556,0.24047619050000002,0.6840579710000001,0.2109311357,0.4048478721
122,0.6022222222,0.1738095238,0.7326086957,0.16918562,0.35636685690000003
123,0.36277777780000003,0.2142857143,0.4079710145,0.1359333394,0.2953744783
124,0.5572222222000001,0.4857142857,0.5789855072,0.3384411177,0.5300246128
125,0.5488888889,0.3523809524,0.6086956522,0.2674301177,0.4631154186
126,0.9077777778,0.7690476190000001,0.9500000000000001,0.7954345917000001,0.8546673506
127,0.67,0.1476190476,0.8289855072000001,0.17254901960000002,0.3474955168
128,0.555,0.0619047619,0.7050724638,0.061195289300000004,0.20778684990000001
129,0.4,0.2476190476,0.44637681160000003,0.1617405318,0.3323558553
130,0.5216666667000001,0.1904761905,0.6224637681,0.1566833223,0.3442684076
131,0.5888888889,0.19761904760000001,0.7079710145,0.1834325095,0.37392584230000003
132,0.3561111111,0.2380952381,0.39202898550000004,0.14745098040000001,0.3047004324
133,0.5544444444000001,0.48095238100000004,0.5768115942,0.33489190550000003,0.5264824374
134,0.5422222222,0.3142857143,0.6115942029,0.24327010070000002,0.4383975546
135,0.9411111111,0.4555555556,0.9950617284000001,0.6047107015000001,0.6715624662
136,0.6855555556,0.1055555556,0.75,0.0629361444,0.2805732868
137,0.7794444444,0.1055555556,0.8543209877,0.0887938298,0.2916151114
138,0.8177777778,0.3277777778,0.8722222222,0.2635616438,0.5274738781
139,0.8250000000000001,0.3388888889,0.8790123457000001,0.2788005645,0.5448460119
140,0.7272222222,0.1722222222,0.7888888889,0.1120022179,0.36817115910000003
141,0.7911111111,0.2166666667,0.8549382716,0.1719240153,0.4277516739
142,0.7911111111,0.1777777778,0.8592592593,0.1452548439,0.38865905700000003
143,0.7088888889,0.1555555556,0.7703703704,0.0963557302,0.3456176079
144,0.9411111111,0.4555555556,0.9950617284000001,0.6047107015000001,0.6715624662
145,0.7005555556,0.0666666667,0.7709876543,0.0423470102,0.22333933090000002
146,0.7677777778,0.1055555556,0.8413580247,0.0846369127,0.289403164
147,0.8177777778,0.3277777778,0.8722222222,0.2635616438,0.5274738781
148,0.8250000000000001,0.3388888889,0.8790123457000001,0.2788005645,0.5448460119
149,0.7272222222,0.1722222222,0.7888888889,0.1120022179,0.36817115910000003
150,0.7894444444000001,0.2166666667,0.8530864198,0.1707946336,0.4272885235
151,0.79,0.1666666667,0.8592592593,0.1376797699,0.37767632300000004
152,0.7055555556,0.1666666667,0.7654320988000001,0.1013372852,0.35607143350000003
153,0.9366666667,0.4333333333,0.9925925926,0.5763397371,0.6548245574
154,0.6961111111,0.1166666667,0.7604938272,0.0711763948,0.2964130414
155,0.7761111111,0.1111111111,0.85,0.092057677,0.2968795762
156,0.8027777778,0.3166666667,0.8567901235000001,0.2429696596,0.5205195995
157,0.8250000000000001,0.3388888889,0.8790123457000001,0.2788005645,0.5448460119
158,0.7294444444,0.1833333333,0.7901234568000001,0.1190046881,0.3796560464
159,0.7938888889,0.1888888889,0.8611111111,0.1528173893,0.3964238639
160,0.7894444444000001,0.1611111111,0.8592592593,0.1325201345,0.3695447173
161,0.7061111111,0.1555555556,0.7672839506,0.09555876220000001,0.3449461326
162,0.9322222222000001,0.4611111111,0.9845679012,0.5744107744,0.6724973632
163,0.6738888889,0.1055555556,0.737037037,0.0610323313,0.2782464852
164,0.7777777778,0.1055555556,0.8524691358,0.0881751358,0.2913001476
165,0.7927777778,0.33333333330000003,0.8438271605000001,0.24331660160000002,0.530023511
166,0.8177777778,0.35000000000000003,0.8697530864,0.2774269006,0.5514253228
167,0.7927777778,0.0833333333,0.8716049383000001,0.07247961630000001,0.2523891267
168,0.7866666667000001,0.2055555556,0.8512345679000001,0.1597959424,0.4124087178
169,0.7788888889000001,0.2,0.8432098765,0.15330175840000002,0.4081499847
170,0.7044444444,0.1611111111,0.7648148148,0.09824561400000001,0.3508721356
171,0.9172222222,0.47222222220000004,0.9666666667,0.5306397306,0.6739903161
172,0.6816666667,0.1333333333,0.7425925926,0.0773276475,0.31465788580000004
173,0.7655555556,0.12222222220000001,0.8370370370000001,0.09598277520000001,0.3130829334
174,0.8022222222000001,0.3166666667,0.8561728395,0.2422762882,0.5202809798
175,0.8166666667,0.3777777778,0.8654320988,0.29159729160000003,0.5702839918
176,0.7772222222,0.09444444440000001,0.8530864198,0.0760493827,0.2641648162
177,0.7816666667000001,0.2,0.8462962963,0.1545165075,0.40830063380000003
178,0.8038888889,0.1888888889,0.8722222222,0.1614777298,0.40576937630000004
179,0.6972222222000001,0.2055555556,0.7518518519,0.1196727685,0.3930877909
180,0.9138888889000001,0.58,0.9806666667,0.6918543865,0.7541793787000001
181,0.7444444444,0.0766666667,0.878,0.08993894990000001,0.2569651022
182,0.76,0.09,0.894,0.11083667800000001,0.2826821157
183,0.7183333333,0.31,0.8,0.2678737997,0.4973214188
184,0.5988888889,0.25,0.6686666667000001,0.172047047,0.4088536753
185,0.6988888889,0.3366666667,0.7713333333,0.2718253968,0.5095828074000001
186,0.685,0.27,0.768,0.222252583,0.45536490290000003
187,0.6055555556000001,0.1933333333,0.6880000000000001,0.1403537151,0.3644885001
188,0.6383333333,0.1933333333,0.7273333333,0.149982145,0.37199152
189,0.9072222222,0.56,0.9766666667,0.6678859602,0.7394852983
190,0.7438888889,0.0766666667,0.8773333333000001,0.0898028511,0.2568864035
191,0.7594444444,0.09,0.8933333333000001,0.1106509178,0.2825889981
192,0.6966666667,0.3533333333,0.7653333333,0.2796704101,0.5199745563
193,0.5994444444,0.2566666667,0.668,0.1760705867,0.4140675581
194,0.7044444444,0.33333333330000003,0.7786666667000001,0.2733757471,0.5094656902
195,0.6805555556,0.2866666667,0.7593333333000001,0.2302567117,0.4665164565
196,0.6022222222,0.1933333333,0.684,0.13933876720000002,0.3634519465
197,0.6244444444,0.2133333333,0.7066666667,0.15892402760000002,0.3877283734
198,0.9038888889000001,0.5833333333,0.968,0.6692650702,0.7514405655
199,0.7533333333000001,0.0633333333,0.8913333333000001,0.079361334,0.2353426726
200,0.7605555556,0.10666666670000001,0.8913333333000001,0.1292929293,0.3082703067
201,0.7061111111,0.31,0.7853333333,0.2597091018,0.49281346810000004
202,0.6077777778,0.25,0.6793333333,0.1752809353,0.41209842830000004
203,0.6888888889,0.3466666667,0.7573333333000001,0.27103217500000004,0.5123772257
204,0.6905555556,0.2466666667,0.7793333333,0.2099852089,0.4383908654
205,0.6138888889,0.19,0.6986666667,0.1407169308,0.3639155311
206,0.6166666667,0.22,0.6960000000000001,0.1604272475,0.39099318240000003
207,0.8866666667,0.5866666667,0.9466666667,0.6331880267000001,0.7450142567
208,0.7361111111,0.0833333333,0.8666666667,0.093964007,0.2652875429
209,0.7583333333000001,0.0866666667,0.8926666667,0.1062857878,0.276259338
210,0.7183333333,0.3166666667,0.7986666667000001,0.2718466549,0.5018986147
211,0.5938888889,0.27333333330000004,0.658,0.1832872841,0.4240550662
212,0.7011111111,0.3433333333,0.7726666667000001,0.2771164021,0.5150552628
213,0.6683333333,0.30666666670000003,0.7406666667,0.23537547920000002,0.4762554545
214,0.6277777778,0.1833333333,0.7166666667,0.1409438839,0.3623068063
215,0.6127777778,0.22,0.6913333333,0.1583225812,0.3879341512
216,0.9016666667000001,0.5133333333,0.9793333333,0.6351407995,0.7090118123
217,0.7622222222,0.0766666667,0.8993333333,0.0944057922,0.254099845
218,0.7216666667,0.16,0.834,0.1605774017,0.3648914575
219,0.7033333333,0.35000000000000003,0.774,0.2818783069,0.5199607158
220,0.5755555556,0.2666666667,0.6373333333,0.1732026144,0.41225387090000004
221,0.6577777778,0.34,0.7213333333,0.24850088180000002,0.4947586188
222,0.6727777778,0.2833333333,0.7506666667,0.2239448751,0.4610393165
223,0.5911111111,0.24,0.6613333333,0.1631332808,0.3973523439
224,0.5794444444,0.2533333333,0.6446666667000001,0.167020463,0.4037170201
225,0.9333333333,0.7666666667,0.984057971,0.8432022546,0.8685637623
226,0.5122222222,0.33333333330000003,0.5666666667,0.24188034190000002,0.4345858282
227,0.5861111111,0.1595238095,0.715942029,0.1522277228,0.3375346971
228,0.5922222222,0.1619047619,0.7231884058,0.1562736206,0.34208632780000003
229,0.7511111111000001,0.2904761905,0.8913043478,0.3500827696,0.5061910189000001
230,0.5527777778,0.32142857140000003,0.6231884058,0.25124776,0.4469968194
231,0.5655555556,0.3238095238,0.6391304348,0.257985738,0.4547679894
232,0.4872222222,0.2976190476,0.5449275362,0.2125039936,0.40044237390000004
233,0.7072222222,0.2952380952,0.8326086957000001,0.3200941806,0.4944667955
234,0.9311111111,0.7761904762,0.9782608696,0.8404356061,0.8713850055000001
235,0.5105555556,0.330952381,0.5652173913,0.2399269967,0.4324381809
236,0.53,0.21904761900000003,0.6246376812000001,0.178526084,0.3696091989
237,0.5294444444,0.2,0.6297101449,0.1657465418,0.3548605633
238,0.7422222222,0.2857142857,0.8811594203,0.3388429752,0.4994490413
239,0.5761111111,0.28095238100000003,0.665942029,0.2363539527,0.4325448216
240,0.5683333333,0.3357142857,0.6391304348,0.2661770047,0.46299731980000003
241,0.5361111111,0.230952381,0.6289855072,0.1882262409,0.3792195144
242,0.7377777778,0.25,0.8862318841,0.3075036075,0.47024521960000004
243,0.9238888889,0.7714285714,0.9702898551,0.8255861983,0.8651142144
244,0.5161111111,0.34523809520000004,0.568115942,0.249946989,0.442840141
245,0.5855555556,0.1595238095,0.7152173913000001,0.1520467836,0.3373515561
246,0.5261111111,0.1904761905,0.6282608696,0.1582561605,0.3457865282
247,0.7761111111,0.1857142857,0.9557971014000001,0.2777728478,0.4197132839
248,0.585,0.2976190476,0.6724637681,0.2507954298,0.4473138694
249,0.5611111111,0.3285714286,0.631884058,0.2589228253,0.4556183589
250,0.5266666667000001,0.2380952381,0.6144927536,0.18991640540000002,0.38077207550000003
251,0.7355555556000001,0.2452380952,0.8847826087,0.3017887453,0.46550314610000004
252,0.9183333333,0.7523809524,0.9688405797,0.8114284591,0.8537779335000001
253,0.5111111111000001,0.3476190476,0.5608695652,0.2491540206,0.4415518968
254,0.59,0.1166666667,0.734057971,0.1171429565,0.29246659340000003
255,0.5255555556,0.2476190476,0.6101449275,0.19597645800000002,0.3885787929
256,0.7472222222,0.22619047620000002,0.9057971014,0.294042705,0.45138238500000005
257,0.5872222222,0.2214285714,0.6985507246,0.2002948417,0.3932748619
258,0.5444444444000001,0.33809523810000003,0.6072463768,0.2572220572,0.4530677984
259,0.5361111111,0.230952381,0.6289855072,0.1882262409,0.3792195144
260,0.7055555556,0.34523809520000004,0.8152173913,0.3527651597,0.5281544698
261,0.9105555556,0.7333333333000001,0.9644927536000001,0.7930444389,0.8410017702
262,0.495,0.33809523810000003,0.5427536232,0.2381212635,0.4283717607
263,0.5733333333,0.18095238100000002,0.6927536232,0.1650625771,0.3533669592
264,0.5527777778,0.21190476190000002,0.6565217391,0.18086497440000002,0.37258895880000004
265,0.7722222222,0.2357142857,0.9355072464,0.32562714400000004,0.4694888025
266,0.5883333333,0.3261904762,0.668115942,0.26985930210000003,0.4667000315
267,0.5561111111,0.4261904762,0.5956521739,0.3093469714,0.5037349142
268,0.5416666667,0.2833333333,0.6202898551,0.22455201360000002,0.4185146118
269,0.6633333333,0.2976190476,0.7746376812,0.2919170032,0.4790248191
270,0.9477777778,0.5777777778000001,0.9888888889,0.688627451,0.755813045
271,0.8161111111,0.15,0.8901234568,0.1414141414,0.364508534
272,0.8033333333,0.022222222200000002,0.8901234568,0.0242424242,0.0823189288
273,0.7722222222,0.09444444440000001,0.8475308642,0.0758946616,0.2781190428
274,0.6894444444000001,0.1666666667,0.7475308642,0.09717188610000001,0.35217923500000003
275,0.8394444444,0.061111111100000004,0.9259259259,0.07115390440000001,0.2374211094
276,0.7644444444,0.1611111111,0.8314814815,0.1201646091,0.36352456590000004
277,0.8133333333,0.1833333333,0.8833333333000001,0.16366332120000002,0.4014663432
278,0.8061111111,0.12222222220000001,0.8820987654,0.1107733874,0.3255830326
279,0.9450000000000001,0.5722222222000001,0.9864197531000001,0.6753821013,0.7512797719000001
280,0.8161111111,0.15,0.8901234568,0.1414141414,0.364508534
281,0.7983333333,0.0277777778,0.8839506173,0.029498525100000002,0.09184886490000001
282,0.7677777778,0.1,0.8419753086,0.0788709008,0.2878243239
283,0.6844444444000001,0.1666666667,0.7419753086,0.09588876900000001,0.3509103199
284,0.8316666667,0.0722222222,0.9160493827,0.0796966003,0.2556704677
285,0.7644444444,0.1611111111,0.8314814815,0.1201646091,0.36352456590000004
286,0.8122222222000001,0.1833333333,0.8820987654,0.162817029,0.4011718476
287,0.8061111111,0.1333333333,0.8808641975,0.1201979905,0.3412847485
288,0.9433333333,0.5777777778000001,0.9839506173,0.6711915535,0.7539404208
289,0.8161111111,0.15,0.8901234568,0.1414141414,0.364508534
290,0.8077777778,0.033333333300000004,0.8938271605,0.0363636364,0.1010235681
291,0.7683333333,0.1277777778,0.8395061728000001,0.0989981321,0.3247172165
292,0.6783333333,0.1888888889,0.7327160494,0.10535000500000001,0.3700499322
293,0.8322222222000001,0.061111111100000004,0.9179012346000001,0.06833751040000001,0.23639753260000002
294,0.7638888889000001,0.1722222222,0.8296296296000001,0.1272438082,0.3765547033
295,0.8172222222000001,0.1944444444,0.8864197531,0.1743843525,0.41351585090000004
296,0.8033333333,0.12222222220000001,0.8790123457000001,0.1091541639,0.3249052007
297,0.9272222222000001,0.5555555556,0.9685185185,0.6038266894000001,0.7332417511
298,0.8116666667,0.1722222222,0.8827160494,0.1552850242,0.3898534406
299,0.8655555556000001,0.0055555556,0.9611111111,0.0081300813,0.0421880954
300,0.7744444444,0.1444444444,0.8444444444,0.1119367775,0.3411698132
301,0.6866666667,0.1888888889,0.7419753086,0.10787572570000001,0.3741431552
302,0.8238888889,0.061111111100000004,0.9086419753,0.06529157120000001,0.2352028905
303,0.7588888889000001,0.1888888889,0.8222222222000001,0.1350342547,0.3902967396
304,0.7911111111,0.2055555556,0.8561728395,0.16346564230000002,0.417277351
305,0.7922222222,0.12222222220000001,0.8666666667,0.1040100251,0.3226323372
306,0.9461111111,0.5055555556,0.9950617284000001,0.6523297491000001,0.709189336
307,0.8027777778,0.2222222222,0.8672839506000001,0.184691358,0.43898999860000004
308,0.7794444444,0.05,0.8604938272,0.0442246353,0.2024919432
309,0.7538888889,0.1388888889,0.8222222222000001,0.1012746639,0.3373337986
310,0.66,0.2222222222,0.7086419753000001,0.11627335300000001,0.3955592013
311,0.8105555556,0.0666666667,0.8932098765,0.0657777778,0.24402247640000002
312,0.7522222222,0.1777777778,0.8160493827,0.1257309942,0.37886978200000004
313,0.7777777778,0.2277777778,0.8388888889,0.1700981945,0.4370211811
314,0.7922222222,0.1777777778,0.8604938272,0.1458716722,0.39068796110000004
315,0.9461111111,0.7166666667,0.992,0.8149277757000001,0.8426296864
316,0.7261111111,0.1566666667,0.84,0.158331239,0.3599101507
317,0.74,0.2066666667,0.8466666667,0.2102470106,0.4178385277
318,0.6844444444000001,0.2366666667,0.774,0.1997160952,0.4275439535
319,0.5977777778000001,0.2333333333,0.6706666667,0.16226755380000002,0.3953994196
320,0.6933333333,0.1233333333,0.8073333333,0.11817518910000001,0.31547715400000004
321,0.6833333333,0.2766666667,0.7646666667,0.2254799073,0.4598439995
322,0.6655555556,0.31,0.7366666667,0.23615930300000001,0.4769184985
323,0.7061111111,0.10666666670000001,0.8260000000000001,0.1083592401,0.29533222810000004
324,0.9372222222000001,0.7066666667,0.9833333333000001,0.7885510568,0.8330375293000001
325,0.7244444444,0.1566666667,0.838,0.1575302093,0.359479806
326,0.7377777778,0.2066666667,0.844,0.20874587460000002,0.41716955800000005
327,0.6900000000000001,0.2366666667,0.7806666667000001,0.2013653609,0.42714170230000004
328,0.5938888889,0.24,0.6646666667000001,0.1648521313,0.3993357447
329,0.6877777778,0.13,0.7993333333,0.1218844631,0.32235501250000004
330,0.6844444444000001,0.2766666667,0.766,0.2260971701,0.46023851450000003
331,0.6516666667000001,0.26,0.73,0.1992569389,0.43565713910000003
332,0.7077777778000001,0.1233333333,0.8246666667,0.1238297299,0.3165509157
333,0.9344444444000001,0.7000000000000001,0.9813333333,0.7795698925000001,0.8281865763
334,0.7311111111,0.1766666667,0.842,0.17813897680000002,0.3833943441
335,0.7305555556000001,0.1833333333,0.84,0.1857325306,0.392105886
336,0.6816666667,0.2133333333,0.7753333333,0.18218487390000002,0.40593442960000004
337,0.5922222222,0.2366666667,0.6633333333,0.1623720912,0.395915238
338,0.6888888889,0.1233333333,0.802,0.11668891860000001,0.31443718060000003
339,0.6761111111,0.28,0.7553333333000001,0.2235615406,0.45965882420000004
340,0.6622222222,0.3033333333,0.734,0.2304316934,0.4710616146
341,0.7244444444,0.1533333333,0.8386666667,0.1572984749,0.3586019185
342,0.9261111111,0.7166666667,0.968,0.7629743733000001,0.832416767
343,0.7338888889,0.1166666667,0.8573333333000001,0.125348337,0.3119974039
344,0.7716666667000001,0.1433333333,0.8973333333,0.17301155270000002,0.3585821267
345,0.6900000000000001,0.2333333333,0.7813333333,0.2005578801,0.4267794836
346,0.5888888889,0.24,0.6586666667000001,0.16324881930000001,0.39716361840000003
347,0.6794444444000001,0.1333333333,0.7886666667000001,0.12156530480000001,0.3234729123
348,0.6716666667,0.2433333333,0.7573333333000001,0.1981395601,0.429215868
349,0.6461111111,0.27333333330000004,0.7206666667,0.20479326850000001,0.4437565974
350,0.7000000000000001,0.1233333333,0.8153333333,0.1211958468,0.3164397424
351,0.8983333333,0.68,0.9420000000000001,0.6894520339,0.7997242148
352,0.7011111111,0.1666666667,0.808,0.155105148,0.3642135267
353,0.7194444444,0.2333333333,0.8166666667,0.21774012820000002,0.4365252451
354,0.6644444444000001,0.26,0.7453333333000001,0.2051184714,0.4399792033
355,0.5411111111,0.27,0.5953333333,0.1640996176,0.4005559595
356,0.6977777778,0.1733333333,0.8026666667,0.1601527403,0.3723685122
357,0.6838888889,0.3133333333,0.758,0.2483242262,0.4872907916
358,0.6388888889000001,0.33333333330000003,0.7000000000000001,0.23524123460000002,0.48276969500000005
359,0.6877777778,0.22333333330000002,0.7806666667000001,0.1934046346,0.4173823729
360,0.9366666667,0.8142857143000001,0.9739130435000001,0.8571669952000001,0.8905287757
361,0.615,0.2452380952,0.7275362319,0.2295020197,0.42234807950000003
362,0.7238888889,0.1666666667,0.8934782609,0.2189727259,0.38482469550000004
363,0.5677777778,0.4261904762,0.6108695652,0.3150664251,0.5100704501000001
364,0.6805555556,0.24047619050000002,0.8144927536000001,0.2595347381,0.4419435041
365,0.6744444444000001,0.269047619,0.797826087,0.2784132171,0.46295863400000004
366,0.6444444444,0.4833333333,0.6934782609,0.3880655183,0.5777789345000001
367,0.6038888889,0.36190476190000004,0.6775362319,0.2989322215,0.4950896543
368,0.5972222222,0.2142857143,0.7137681159,0.1989226148,0.390703795
369,0.9338888889,0.8023809524000001,0.9739130435000001,0.8499546669,0.883990224
370,0.6522222222,0.11190476190000001,0.8166666667,0.1305530908,0.3022197226
371,0.7194444444,0.2452380952,0.8637681159,0.2895853565,0.4600630956
372,0.5494444444000001,0.4261904762,0.5869565217,0.30617175680000003,0.5000436954
373,0.675,0.2380952381,0.8079710145000001,0.2544899799,0.43823778490000004
374,0.6777777778,0.2904761905,0.7956521739,0.29623752600000003,0.4801076568
375,0.6766666667,0.4142857143,0.7565217391,0.3736383442,0.5581173958
376,0.605,0.36666666670000003,0.6775362319,0.3023164977,0.4983754381
377,0.5977777778000001,0.22857142860000002,0.7101449275,0.2092251535,0.40206500430000003
378,0.9344444444000001,0.8023809524000001,0.9746376812,0.8510101010000001,0.8843206130000001
379,0.6444444444,0.1833333333,0.7847826087,0.1942282373,0.3792972927
380,0.7222222222,0.1833333333,0.8862318841,0.2347476084,0.40197371190000003
381,0.6255555556,0.45,0.6789855072000001,0.35889780330000004,0.5521717507
382,0.6661111111,0.25,0.7927536232,0.2585380411,0.44466781920000004
383,0.6766666667,0.26428571430000003,0.8021739130000001,0.2762380358,0.4601867779
384,0.6627777778,0.4261904762,0.7347826087,0.3702401302,0.5581870357000001
385,0.59,0.3857142857,0.652173913,0.3051282051,0.5015377887
386,0.6022222222,0.2380952381,0.7130434783,0.21860749640000002,0.4118885735
387,0.9244444444000001,0.7523809524,0.9768115942000001,0.8228606171,0.8572529378
388,0.6222222222,0.2,0.7507246377,0.1982570806,0.3874624579
389,0.7122222222,0.1666666667,0.8782608696,0.2124388539,0.38210586900000004
390,0.61,0.36666666670000003,0.6840579710000001,0.30418923670000003,0.4997883376
391,0.6694444444000001,0.22619047620000002,0.8043478261,0.2414433855,0.42575051550000004
392,0.6755555556,0.3142857143,0.7855072464,0.3116054876,0.49685168630000004
393,0.6761111111,0.4047619048,0.7586956522,0.36826148880000004,0.5523398580000001
394,0.5961111111,0.3642857143,0.6666666667000001,0.2962251432,0.49280523470000004
395,0.6716666667,0.1785714286,0.8217391304,0.2026316649,0.3818237701
396,0.9116666667000001,0.6738095238,0.984057971,0.7805290792,0.8141094798
397,0.6555555556,0.15238095240000002,0.8086956522000001,0.1711663548,0.3507954561
398,0.7405555556000001,0.14047619050000001,0.9231884058000001,0.2016007703,0.35996441900000004
399,0.5877777778000001,0.39523809520000003,0.6463768116,0.3080325835,0.5038888336
400,0.6094444444,0.3071428571,0.7014492754,0.2684449637,0.46396699280000003
401,0.6511111111,0.3023809524,0.7572463768000001,0.2888290571,0.4784892812
402,0.6377777778,0.48095238100000004,0.6855072464,0.3821027339,0.5727622354
403,0.6038888889,0.3976190476,0.6666666667000001,0.3190629635,0.5147472574
404,0.5855555556,0.2476190476,0.6884057971,0.2184851287,0.4128293582
405,0.9744444444,0.5388888889,0.9973684211,0.6778115502000001,0.7328182557
406,0.9533333333,0.1611111111,0.9950292398,0.24882104740000002,0.3838707102
407,0.8613888889,0.0722222222,0.9029239766,0.0498094137,0.2537686495
408,0.7797222222,0.3111111111,0.8043859649,0.1242078311,0.5002489832
409,0.9172222222,0.1611111111,0.9570175439,0.16267339220000002,0.39220041800000005
410,0.8994444444,0.061111111100000004,0.9435672515,0.0572916667,0.23828740110000002
411,0.8538888889,0.1611111111,0.8903508772000001,0.0995109982,0.37865175170000004
412,0.8058333333000001,0.1555555556,0.8400584795,0.0749393154,0.35996693100000005
413,0.7541666667,0.1388888889,0.7865497076,0.0534672926,0.33038711190000003
414,0.9744444444,0.5388888889,0.9973684211,0.6778115502000001,0.7328182557
415,0.9516666667,0.0555555556,0.9988304094,0.10320512820000001,0.2350066735
416,0.8613888889,0.0722222222,0.9029239766,0.0498094137,0.2537686495
417,0.7783333333,0.3111111111,0.8029239766,0.12349892550000001,0.49979364670000004
418,0.9158333333,0.1277777778,0.9573099415,0.1313281786,0.34904483940000003
419,0.8986111111,0.0666666667,0.9423976608,0.061776982700000004,0.2470795087
420,0.8508333333,0.1611111111,0.8871345029000001,0.09764436110000001,0.3779653452
421,0.8052777778,0.1555555556,0.8394736842,0.0747809153,0.3598498795
422,0.7458333333,0.1444444444,0.7774853801,0.0537423117,0.3346282826
423,0.9747222222,0.5222222222,0.9985380117,0.6733790999,0.7218049655000001
424,0.9516666667,0.0555555556,0.9988304094,0.10320512820000001,0.2350066735
425,0.8638888889,0.0833333333,0.9049707602,0.0577129465,0.2746161629
426,0.7641666667,0.33333333330000003,0.7868421053,0.1242258989,0.5121063880000001
427,0.9158333333,0.1277777778,0.9573099415,0.1313281786,0.34904483940000003
428,0.8919444444,0.061111111100000004,0.9356725146,0.0535279805,0.2372885525
429,0.8538888889,0.1722222222,0.8897660819000001,0.1056960618,0.3910786234
430,0.8163888889,0.1444444444,0.8517543860000001,0.0738069217,0.3479947735
431,0.7527777778,0.1388888889,0.7850877193,0.0531870875,0.33008236150000003
432,0.9744444444,0.5166666667,0.9985380117,0.6688251619000001,0.718088995
433,0.9516666667,0.0555555556,0.9988304094,0.10320512820000001,0.2350066735
434,0.8575,0.0833333333,0.898245614,0.0555035482,0.2705319056
435,0.7794444444,0.3111111111,0.8040935673,0.1240931653,0.5001585835
436,0.9430555556,0.05,0.9900584795,0.0807207207,0.2224925208
437,0.8927777778,0.061111111100000004,0.9365497076,0.053921568600000004,0.2373997432
438,0.9194444444000001,0.0888888889,0.9631578947,0.0988710636,0.2913297513
439,0.8063888889,0.1722222222,0.8397660819,0.0824160498,0.3789955753
440,0.7483333333000001,0.1388888889,0.7804093567,0.0522929769,0.3290949508
441,0.9730555556,0.5388888889,0.9959064327,0.6662457912,0.7322853352
442,0.9513888889000001,0.0666666667,0.9979532164,0.1203075531,0.254237936
443,0.9330555556000001,0.0833333333,0.9777777778000001,0.1107132568,0.28544958730000003
444,0.7780555556000001,0.3166666667,0.8023391813,0.1251978722,0.5040381404000001
445,0.905,0.1277777778,0.9459064327000001,0.1182308766,0.3469147493
446,0.9330555556000001,0.022222222200000002,0.9809941520000001,0.0319464371,0.1455109108
447,0.8472222222,0.1611111111,0.8833333333000001,0.0954612053,0.37714482180000003
448,0.8094444444000001,0.1722222222,0.8429824561,0.0840132058,0.3797807442
449,0.7358333333,0.1388888889,0.767251462,0.0499424798,0.3263088041
450,0.9400000000000001,0.61,0.97,0.6287912088000001,0.7689597218
451,0.6772222222000001,0.46,0.696969697,0.1919875466,0.5662131533
452,0.8463888889000001,0.0366666667,0.92,0.037524188800000004,0.1747995474
453,0.5750000000000001,0.5933333333,0.5733333333,0.1887724003,0.5832473325
454,0.8544444444,0.0833333333,0.9245454545,0.0877183203,0.2760038363
455,0.8725,0.13,0.9400000000000001,0.1452513966,0.34957116590000004
456,0.8338888889,0.1266666667,0.8981818182,0.11131517190000001,0.3336156992
457,0.9175000000000001,0.046666666700000005,0.9966666667,0.0860841979,0.21537560860000002
458,0.7391666667,0.13,0.7945454545,0.0761153677,0.3190451998
459,0.9561111111,0.54,0.9939393939000001,0.6717529233,0.7323563054000001
460,0.6772222222000001,0.46,0.696969697,0.1919875466,0.5662131533
461,0.8458333333,0.0366666667,0.9193939394,0.037353274900000004,0.1747287455
462,0.5752777778,0.5966666667,0.5733333333,0.18973650290000002,0.5848766548000001
463,0.8816666667,0.0433333333,0.9578787879,0.0575423105,0.20344884130000002
464,0.8683333333000001,0.13,0.9354545455000001,0.1413043478,0.3487249502
465,0.8175,0.1333333333,0.8796969697,0.10728772810000001,0.3397365533
466,0.9172222222,0.0566666667,0.9954545455,0.1022659023,0.2336134629
467,0.7391666667,0.13,0.7945454545,0.0761153677,0.3190451998
468,0.9544444444,0.5266666667000001,0.9933333333000001,0.6581196581000001,0.7231718077
469,0.675,0.4666666667,0.6939393939,0.193124444,0.5690395889000001
470,0.8788888889,0.0,0.9587878788,0.0,0.0
471,0.5755555556,0.6000000000000001,0.5733333333,0.19068484260000002,0.5865125159
472,0.8816666667,0.0433333333,0.9578787879,0.0575423105,0.20344884130000002
473,0.8736111111,0.13,0.9412121212000001,0.1463424956,0.3497964686
474,0.8325,0.14,0.8954545455,0.1213102687,0.3521806219
475,0.9141666667,0.023333333300000002,0.9951515152,0.0431752507,0.15163402650000002
476,0.74,0.1633333333,0.7924242424,0.0934465453,0.3539772809
477,0.9561111111,0.5433333333,0.9936363636000001,0.673267583,0.7345867296
478,0.6725,0.47000000000000003,0.6909090909000001,0.1931244504,0.5698327609
479,0.8352777778,0.046666666700000005,0.9069696970000001,0.0450594121,0.2054528326
480,0.5580555556,0.5966666667,0.5545454545,0.1837148321,0.5752176054
481,0.8833333333000001,0.04,0.96,0.0540540541,0.19595917940000002
482,0.8711111111000001,0.13,0.9384848485,0.14391242070000002,0.3492893127
483,0.7958333333000001,0.1233333333,0.856969697,0.0904262141,0.3221202328
484,0.9116666667000001,0.07,0.9881818182000001,0.1161673262,0.2615200119
485,0.7358333333,0.1433333333,0.7896969697,0.0824610546,0.334981925
486,0.9477777778,0.52,0.9866666667,0.6239088089,0.7160372971000001
487,0.7275,0.42,0.7554545455,0.2041627999,0.5628714826
488,0.8277777778000001,0.06,0.8975757576000001,0.0544959896,0.22329035760000002
489,0.6536111111,0.5700000000000001,0.6612121212000001,0.21525875760000002,0.6139089833
490,0.8802777778,0.05,0.9557575758,0.0650783611,0.2186043668
491,0.8836111111,0.1466666667,0.9506060606000001,0.1735700197,0.3732093265
492,0.8177777778,0.14,0.8793939394,0.1126893939,0.3470770515
493,0.9144444444000001,0.08,0.9903030303,0.1344827586,0.2802751634
494,0.6975,0.17,0.7454545455,0.0851035687,0.3543002852
495,0.9652777778,0.7904761905000001,0.9883647799,0.8415591508,0.8838584565000001
496,0.6555555556,0.2785714286,0.7053459119000001,0.1585387957,0.44280446030000004
497,0.8383333333,0.32142857140000003,0.9066037736,0.3158386583,0.5380415059
498,0.3897222222,0.34523809520000004,0.3955974843,0.1165377902,0.36923618010000003
499,0.5966666667,0.3571428571,0.6283018868,0.1712328767,0.47262250100000003
500,0.8011111111,0.1357142857,0.8889937107,0.1371863431,0.3470745717
501,0.8402777778,0.1071428571,0.9371069182,0.134502924,0.3152387419
502,0.7902777778000001,0.1023809524,0.8811320755000001,0.1023518028,0.3002070874
503,0.8375,0.11428571430000001,0.9330188679,0.1409746107,0.3265435242
504,0.9625,0.7904761905000001,0.9852201258000001,0.8309781889000001,0.8824585751
505,0.7144444444,0.2619047619,0.7742138365,0.1757861635,0.44919656420000004
506,0.8388888889,0.32142857140000003,0.9072327044,0.31663963230000003,0.5382388264
507,0.3905555556,0.3523809524,0.3955974843,0.1188080685,0.3730441424
508,0.5966666667,0.3571428571,0.6283018868,0.1712328767,0.47262250100000003
509,0.7855555556,0.14047619050000001,0.8707547170000001,0.1325254163,0.349631167
510,0.8469444444,0.0404761905,0.9534591195000001,0.0577200577,0.1931653479
511,0.7727777778,0.1333333333,0.8572327044,0.1204122675,0.3380463757
512,0.8416666667,0.11428571430000001,0.9377358491000001,0.1441499677,0.3273679231
513,0.9691666667000001,0.7666666667,0.9959119497000001,0.8529901558,0.8738021299000001
514,0.7091666667000001,0.25952380950000004,0.7685534591000001,0.17171676460000002,0.44523379090000004
515,0.8319444444,0.3071428571,0.9012578616,0.2980004123,0.5248683595
516,0.42138888890000004,0.24047619050000002,0.4452830189,0.088334807,0.32676158040000003
517,0.5933333333,0.3571428571,0.6245283019,0.17012675770000002,0.47123599580000003
518,0.7836111111,0.13809523810000002,0.8688679245,0.12958998600000002,0.3463583113
519,0.8455555556000001,0.0404761905,0.9518867925000001,0.0571929825,0.1929975942
520,0.7883333333,0.1095238095,0.8779874214000001,0.107734124,0.3100637157
521,0.86,0.0428571429,0.9679245283000001,0.0666666667,0.1985745142
522,0.9680555556,0.7595238095,0.9955974843000001,0.8472775564,0.8695791708
523,0.7130555556,0.25952380950000004,0.7729559748,0.1737596954,0.4465777286
524,0.8388888889,0.3261904762,0.9066037736,0.3196409095,0.5418162118000001
525,0.4247222222,0.230952381,0.45031446540000003,0.0856587114,0.3222512139
526,0.5952777778,0.4333333333,0.6166666667,0.20003156100000002,0.5157715779000001
527,0.7877777778,0.14047619050000001,0.8732704403,0.1337378566,0.3501403789
528,0.8461111111,0.05,0.9512578616,0.0698226073,0.2124047449
529,0.7738888889000001,0.1071428571,0.8619496855000001,0.09972689500000001,0.3035911431
530,0.8269444444,0.1047619048,0.9223270440000001,0.1234567901,0.3098642569
531,0.9608333333,0.7261904762,0.9918238994,0.8118135221,0.8484270594000001
532,0.7158333333,0.25952380950000004,0.7761006289,0.1753115965,0.4480658784
533,0.8172222222000001,0.33809523810000003,0.8805031447,0.30014537900000005,0.5434618942
534,0.4388888889,0.25,0.46383647800000005,0.0941483478,0.3401961203
535,0.6261111111000001,0.34523809520000004,0.6632075472,0.1772202471,0.4774537418
536,0.7694444444,0.1785714286,0.8474842767,0.15306154360000002,0.3890198807
537,0.8536111111,0.069047619,0.9572327044000001,0.09876543210000001,0.2557248056
538,0.7833333333,0.11190476190000001,0.8720125786,0.10760154620000001,0.3123550049
539,0.7936111111,0.1285714286,0.8814465409000001,0.1257979813,0.3342505977
540,0.9683333333,0.5722222222000001,0.9891812865,0.6430303030000001,0.7518678927
541,0.8463888889000001,0.09444444440000001,0.8859649123000001,0.0574831831,0.2844173008
542,0.8838888889000001,0.0277777778,0.9289473684,0.023793724500000002,0.1588847029
543,0.7783333333,0.2388888889,0.8067251462,0.0971926624,0.4387098458
544,0.9005555556,0.011111111100000001,0.9473684211000001,0.0114942529,0.0593992012
545,0.8675,0.0555555556,0.9102339181,0.0404098716,0.22234131310000002
546,0.6336111111,0.1888888889,0.6570175439,0.049019196200000004,0.3522008499
547,0.9088888889000001,0.1611111111,0.9482456140000001,0.1501904289,0.3907238078
548,0.8736111111,0.05,0.9169590643000001,0.0380604585,0.2141212646
549,0.9675,0.5722222222000001,0.9883040936,0.6370528945,0.7515344205000001
550,0.8461111111,0.09444444440000001,0.8856725146000001,0.0574274883,0.2843826295
551,0.8836111111,0.022222222200000002,0.9289473684,0.0193236715,0.1175889472
552,0.7738888889000001,0.24444444440000002,0.801754386,0.0975355054,0.4426256289
553,0.9005555556,0.011111111100000001,0.9473684211000001,0.0114942529,0.0593992012
554,0.8675,0.0555555556,0.9102339181,0.0404098716,0.22234131310000002
555,0.6330555556,0.1888888889,0.6564327485,0.0489503328,0.35204644500000004
556,0.9077777778,0.1611111111,0.9470760234000001,0.1486828154,0.3904781827
557,0.8733333333000001,0.05,0.9166666667000001,0.0379777455,0.2140871607
558,0.9638888889,0.5722222222000001,0.9845029240000001,0.6124106563,0.7501099736
559,0.8433333333,0.09444444440000001,0.8827485380000001,0.056393678200000005,0.2838879694
560,0.8838888889000001,0.0277777778,0.9289473684,0.023793724500000002,0.1588847029
561,0.7744444444,0.2388888889,0.8026315789,0.09568696600000001,0.4376032078
562,0.9002777778000001,0.022222222200000002,0.9464912281000001,0.0220626781,0.1429873539
563,0.8677777778,0.061111111100000004,0.9102339181,0.044285031100000004,0.23536115300000002
564,0.6180555556,0.2055555556,0.6397660819000001,0.051069703200000004,0.36257642370000004
565,0.9063888889,0.1611111111,0.9456140351000001,0.1467654321,0.3901812046
566,0.8683333333000001,0.05,0.9114035088,0.0366103237,0.2134712762
567,0.9613888889000001,0.5722222222000001,0.9818713450000001,0.5963821075,0.749090056
568,0.8447222222,0.09444444440000001,0.8842105263000001,0.0569056984,0.2841354137
569,0.8933333333000001,0.0277777778,0.9388888889,0.0258588568,0.1597263563
570,0.7705555556,0.2388888889,0.7985380117,0.09421434420000001,0.4364816322
571,0.8977777778,0.0166666667,0.9441520468000001,0.0166666667,0.07264831570000001
572,0.8619444444000001,0.0666666667,0.9038011696,0.0462926466,0.2409028276
573,0.6441666667,0.2,0.6675438596000001,0.0532198188,0.3653871051
574,0.9097222222,0.1833333333,0.9479532164000001,0.1681052954,0.4159078845
575,0.8705555556000001,0.05,0.9137426901000001,0.037198105100000003,0.2137453533
576,0.9677777778000001,0.4833333333,0.9932748538,0.5986678378,0.6920166339
577,0.8902777778000001,0.1,0.931871345,0.08432671080000001,0.30301571180000003
578,0.8283333333,0.1,0.8666666667,0.0547404547,0.2920306857
579,0.7641666667,0.2388888889,0.7918128655000001,0.0919452285,0.4346710573
580,0.8872222222,0.033333333300000004,0.9321637427,0.028729591500000002,0.176272593
581,0.8575,0.0722222222,0.8988304094,0.0483821453,0.25316675650000003
582,0.6355555556,0.1944444444,0.6587719298,0.050596014200000004,0.3575470436
583,0.9088888889000001,0.1722222222,0.9476608187000001,0.158662786,0.4035255835
584,0.8761111111000001,0.0777777778,0.9181286550000001,0.0590227383,0.2668654742
585,0.96,0.6566666667000001,0.9875757576,0.729816095,0.8038361866
586,0.8827777778,0.1566666667,0.9487878788,0.1825757576,0.38486264270000003
587,0.9033333333,0.19,0.9681818182,0.24675324680000002,0.4276777868
588,0.7377777778,0.4466666667,0.7642424242,0.2209872507,0.5840165901000001
589,0.735,0.22,0.7818181818000001,0.1215488215,0.41472868700000004
590,0.7427777778,0.1133333333,0.8,0.0680535398,0.2991870766
591,0.7661111111000001,0.2966666667,0.8087878788,0.17366403560000002,0.4869289283
592,0.7880555556000001,0.19666666670000002,0.8418181818,0.1343431096,0.4068240576
593,0.8361111111,0.1433333333,0.8990909091,0.12707852890000002,0.3587402081
594,0.9552777778,0.66,0.9821212121,0.7088551702,0.8038641838
595,0.8805555556,0.1433333333,0.9475757576,0.1674312435,0.3672975102
596,0.8994444444,0.19,0.9639393939,0.2391025641,0.4267110552
597,0.7388888889,0.4466666667,0.7654545455,0.2217235043,0.5844843447
598,0.7333333333000001,0.22333333330000002,0.7796969697,0.12250299390000001,0.4172742144
599,0.7386111111,0.1133333333,0.7954545455,0.0670925176,0.2983623376
600,0.7647222222000001,0.2966666667,0.8072727273,0.1728607401,0.4864866377
601,0.7869444444,0.2033333333,0.84,0.13747876550000002,0.4132716259
602,0.8347222222,0.1433333333,0.8975757576000001,0.1261454526,0.35844398510000003
603,0.9547222222,0.6566666667000001,0.9818181818,0.7054019229,0.801592831
604,0.8783333333000001,0.1633333333,0.9433333333,0.1837378392,0.3915456686
605,0.8933333333000001,0.1933333333,0.956969697,0.2321667623,0.42933449370000004
606,0.7302777778,0.4466666667,0.7560606061,0.2161558606,0.5808364918000001
607,0.7333333333000001,0.22666666670000002,0.7793939394,0.1240740741,0.4202804234
608,0.7508333333,0.1166666667,0.8084848485,0.07213813300000001,0.30595629560000004
609,0.7630555556,0.2966666667,0.8054545455000001,0.17185876600000002,0.4859383881
610,0.7877777778,0.19,0.8421212121,0.1303597122,0.3998186721
611,0.8325,0.1766666667,0.8921212121000001,0.1491704291,0.3963558003
612,0.9497222222,0.6566666667000001,0.9763636364,0.6828682016000001,0.7992698374
613,0.9069444444,0.08,0.9821212121,0.1247919799,0.27923575910000004
614,0.9113888889,0.1233333333,0.983030303,0.1883955837,0.3481387891
615,0.7625000000000001,0.3966666667,0.7957575758000001,0.2171274842,0.5605652757
616,0.7266666667,0.2433333333,0.7706060606,0.12903698660000001,0.43165034820000003
617,0.7288888889,0.1166666667,0.7845454545,0.0666532104,0.30135362190000003
618,0.7602777778,0.31,0.8012121212000001,0.1761395266,0.4951616835
619,0.7836111111,0.19666666670000002,0.836969697,0.131911478,0.4056492203
620,0.8233333333,0.1466666667,0.8848484848,0.1215186929,0.3601846134
621,0.9586111111000001,0.54,0.9966666667,0.6839702192,0.7330313051
622,0.9038888889000001,0.08,0.9787878788000001,0.121371029,0.2787667381
623,0.9083333333,0.10666666670000001,0.9812121212,0.1622655951,0.3232027085
624,0.7586111111,0.3833333333,0.7927272727,0.20824794530000001,0.5493181939
625,0.7747222222,0.2,0.826969697,0.1289535449,0.4064511485
626,0.7425,0.10333333330000001,0.8006060606000001,0.062292559600000005,0.2853885283
627,0.7402777778,0.30666666670000003,0.7796969697,0.1640542918,0.4863871166
628,0.7816666667000001,0.21,0.8336363636,0.13835470090000002,0.4183981393
629,0.7863888889,0.1633333333,0.843030303,0.1130041251,0.37091198070000003
630,0.9652777778,0.7547619048,0.993081761,0.8345934220000001,0.8653764235
631,0.6697222222,0.054761904800000004,0.7509433962000001,0.037300370400000005,0.2006452416
632,0.7519444444000001,0.0357142857,0.8465408805,0.0327952912,0.167744515
633,0.485,0.5,0.48301886790000004,0.1846902427,0.49141083620000003
634,0.7555555556,0.22380952380000002,0.8257861635,0.1755681502,0.42907764870000004
635,0.7769444444,0.1666666667,0.8575471698,0.148728666,0.37685121460000004
636,0.6725,0.5452380952,0.6893081761000001,0.2801600081,0.6129875102
637,0.7533333333000001,0.4,0.8,0.27367644350000003,0.5643730741
638,0.8047222222,0.4166666667,0.8559748428,0.3341435595,0.5970721645
639,0.9622222222000001,0.6904761905,0.9981132075,0.8088390375000001,0.8295135731000001
640,0.6697222222,0.054761904800000004,0.7509433962000001,0.037300370400000005,0.2006452416
641,0.7525000000000001,0.0404761905,0.8465408805,0.0370275719,0.1815937782
642,0.5080555556,0.5047619048,0.508490566,0.1931643985,0.5066138049
643,0.7508333333,0.22380952380000002,0.8204402516,0.1728123902,0.4276919918
644,0.78,0.1928571429,0.8575471698,0.17006053940000002,0.4054581954
645,0.6713888889,0.5452380952,0.6880503145,0.2794348716,0.6124220663000001
646,0.7508333333,0.4,0.7971698113,0.2716221881,0.5633411479
647,0.8022222222000001,0.4166666667,0.8531446541000001,0.331095052,0.5960746002
648,0.9561111111,0.7404761905,0.984591195,0.795499528,0.8527521803
649,0.7108333333,0.0428571429,0.7990566038,0.033426704,0.1850547464
650,0.7422222222,0.0523809524,0.8333333333,0.045487290300000004,0.2074217918
651,0.49,0.4952380952,0.4893081761,0.1847281324,0.49225806120000004
652,0.7680555556,0.22857142860000002,0.8393081761000001,0.1861715296,0.43671914770000003
653,0.7672222222,0.1666666667,0.8465408805,0.14325203250000001,0.3743948361
654,0.6777777778,0.5214285714,0.6984276730000001,0.2743121442,0.6034287069000001
655,0.75,0.4,0.7962264151,0.2710249949,0.5630398262
656,0.7991666667,0.4166666667,0.8496855346000001,0.3274388447,0.5948514311
657,0.9622222222000001,0.6976190476,0.9971698113,0.8099415205,0.8331441597
658,0.6713888889,0.059523809500000004,0.7522012579,0.040583632,0.2103722634
659,0.7438888889,0.059523809500000004,0.8342767296,0.0516620356,0.22160436830000002
660,0.4733333333,0.5333333333,0.46540880500000004,0.19110248740000002,0.49810157380000003
661,0.7277777778000001,0.2142857143,0.7955974843,0.1552595038,0.4126348527
662,0.7702777778000001,0.1642857143,0.8503144654,0.14308356560000002,0.3721353639
663,0.6741666667,0.5785714286,0.6867924528,0.2931208327,0.6301064326
664,0.7205555556000001,0.37857142860000004,0.7657232704,0.24019462630000002,0.5384048225
665,0.7808333333,0.4166666667,0.8289308176,0.30885951040000004,0.5875755991
666,0.9580555556,0.6785714286,0.9949685535,0.7899106452,0.8213125446
667,0.6988888889,0.0428571429,0.7855345912,0.0321429083,0.18348233020000002
668,0.8063888889,0.038095238100000005,0.9078616352000001,0.0440118299,0.1858192491
669,0.5238888889000001,0.3857142857,0.5421383648,0.15901576180000002,0.4572720644
670,0.7380555556,0.2333333333,0.8047169811,0.1711357471,0.4316934166
671,0.7691666667,0.1642857143,0.8490566038,0.1424940277,0.3727929277
672,0.7108333333,0.3857142857,0.7537735849,0.2379629234,0.5389597135
673,0.7455555556,0.4261904762,0.7877358491,0.2798566064,0.5775247201
674,0.7872222222,0.4214285714,0.8355345912000001,0.3175230931,0.5933951041000001
675,0.9644444444,0.39444444440000004,0.9944444444,0.524822695,0.6255422075
676,0.8477777778000001,0.0555555556,0.8894736842000001,0.0359679267,0.2144526767
677,0.8825000000000001,0.1111111111,0.9230994152,0.0864125122,0.3200596531
678,0.8969444444,0.09444444440000001,0.9391812865,0.08388618610000001,0.29755453400000004
679,0.9169444444,0.05,0.9625730994,0.056800653300000004,0.2193823591
680,0.8944444444,0.1388888889,0.9342105263,0.1164705126,0.35963444920000004
681,0.7747222222,0.12222222220000001,0.8090643275,0.0518286311,0.3122162336
682,0.8966666667000001,0.1055555556,0.9383040936,0.0929074922,0.31451846380000004
683,0.8786111111,0.0666666667,0.9213450292,0.0511629802,0.24410555720000002
684,0.9611111111,0.41111111110000004,0.9900584795,0.5127556399000001,0.6372526004
685,0.8475,0.0555555556,0.8891812865000001,0.035845152000000005,0.2144039319
686,0.8825000000000001,0.1111111111,0.9230994152,0.0864125122,0.3200596531
687,0.8863888889,0.12222222220000001,0.9266081871,0.0967892323,0.3357462101
688,0.9158333333,0.05,0.9614035088,0.056084656100000005,0.21924907170000002
689,0.8944444444,0.1388888889,0.9342105263,0.1164705126,0.35963444920000004
690,0.7719444444,0.12222222220000001,0.8061403509,0.0511986169,0.31164262270000004
691,0.8966666667000001,0.1055555556,0.9383040936,0.0929074922,0.31451846380000004
692,0.8786111111,0.0666666667,0.9213450292,0.0511629802,0.24410555720000002
693,0.9619444444,0.4,0.9915204678,0.5108965109,0.6286988092
694,0.8447222222,0.0555555556,0.8862573099000001,0.035325937,0.2140790565
695,0.8783333333000001,0.1111111111,0.9187134503000001,0.083763088,0.31930597850000003
696,0.8961111111000001,0.09444444440000001,0.9383040936,0.0833333333,0.2974238766
697,0.9141666667,0.05,0.9596491228,0.0550552251,0.2190489354
698,0.8944444444,0.1388888889,0.9342105263,0.1164705126,0.35963444920000004
699,0.7736111111,0.12222222220000001,0.8078947368,0.051639684500000005,0.31200981650000004
700,0.8966666667000001,0.1333333333,0.9368421053,0.1147473074,0.3521769279
701,0.8741666667,0.0666666667,0.9166666667000001,0.049642665,0.2435323363
702,0.9569444444,0.39444444440000004,0.9865497076,0.4771627798,0.6230541684
703,0.8383333333,0.0555555556,0.8795321637,0.033690452100000004,0.2131989354
704,0.8775000000000001,0.1111111111,0.9178362573000001,0.0831780538,0.3191459493
705,0.8869444444000001,0.1333333333,0.9266081871,0.1050055617,0.34996020980000003
706,0.9180555556000001,0.061111111100000004,0.9631578947,0.0691846962,0.2420608601
707,0.8813888889,0.1611111111,0.9192982456000001,0.1193296549,0.3828534387
708,0.7677777778,0.1555555556,0.8,0.0630978661,0.35122267430000004
709,0.89,0.1055555556,0.9312865497,0.0878704792,0.3133474921
710,0.8711111111000001,0.0833333333,0.9125730994000001,0.0600581285,0.2730796239
711,0.9491666667,0.39444444440000004,0.9783625731000001,0.4388260255,0.6211260987
712,0.8241666667,0.0555555556,0.864619883,0.0315562853,0.21155178560000001
713,0.8722222222,0.1333333333,0.9111111111,0.0945235965,0.3485414962
714,0.8841666667,0.1333333333,0.9236842105,0.10268258250000001,0.34939277360000004
715,0.9094444444,0.0722222222,0.9535087719,0.0735662686,0.2606860467
716,0.8902777778000001,0.1444444444,0.9295321637,0.116600383,0.36630610880000003
717,0.7572222222,0.1333333333,0.7900584795000001,0.0523997285,0.3235200548
718,0.885,0.1055555556,0.9260233918,0.0843554594,0.3124609459
719,0.8730555556,0.0777777778,0.9149122807000001,0.0572309047,0.2653443014
720,0.8175,0.0666666667,0.8857575758,0.057397267,0.24285122950000002
721,0.8352777778,0.10333333330000001,0.9018181818000001,0.0944779397,0.3048960409
722,0.7738888889000001,0.1766666667,0.8281818182,0.1152975132,0.3823963979
723,0.8455555556000001,0.10666666670000001,0.9127272727,0.10349206350000001,0.3117625479
724,0.8475,0.0933333333,0.9160606061000001,0.09254221500000001,0.2923086998
725,0.8425,0.17,0.9036363636,0.1523923924,0.3916114452
726,0.8447222222,0.2033333333,0.9030303030000001,0.1781019589,0.4245554139
727,0.84,0.07,0.91,0.0659774603,0.2472085894
